"氏名","氏名（ひらがな）","年齢","生年月日","性別","血液型","メールアドレス","電話番号","携帯電話番号","郵便番号","住所","会社名","クレジットカード","有効期限","マイナンバー"
"鈴木 清花","すずき さやか",42,"1981年03月04日","女","O","suzuki_sayaka@example.com","0536-32-6904","090-5902-1552","484-2044","愛知県半田市中町4-2-7ニチモグリーンタウン811","","371439945214741","11/28","886213649815"
"吉村 典明","よしむら のりあき",27,"1996年06月03日","男","O","yoshimura63@example.jp","03-7762-0203","070-9609-6893","116-7970","東京都練馬区南大泉1-1-305プレサンスグラン214","","4998300919900084","10/25","688831695511"
"新庄 佳奈","しんじょう かな",32,"1991年08月08日","女","A","shinjou_kana@example.jp","03-0883-2595","080-4030-0801","186-6515","東京都新宿区四谷1-3-13","ベスト・エンジニア有限会社","3536883481926570","12/24","552137107123"
"竹内 誠","たけうち まこと",34,"1989年06月22日","男","A","takeuchi622@example.org","045-494-9595","050-4588-5004","251-6351","神奈川県川崎市中原区新城3-5-8","合名会社橘川製綿所","4214123392667584","07/24","213726727760"
"青木 秀法","あおき ひでのり",61,"1962年08月03日","男","AB","aoki_83@example.org","0493-07-9013","090-5649-7555","365-3277","埼玉県川口市赤井1-3-4","","4457007453321155","11/26","594030792642"
"篠原 香織","しのはら かおり",38,"1985年12月31日","女","O","kaori_shinohara@example.net","03-6568-3418","080-0893-2654","146-6936","東京都中央区八丁堀4-2-10","株式会社田中工業","3553114721078024","11/28","031448705032"
"藤井 昇","ふじい のぼる",69,"1954年03月12日","男","B","fujii312@example.co.jp","03-6422-2921","080-2421-1880","187-6701","東京都世田谷区奥沢2-3-7","","3548200434494034","02/25","341612593401"
"後藤 健一","ごとう けんいち",39,"1984年05月04日","男","O","kenichi_goto@example.com","0772-09-0843","070-8774-7922","628-5298","京都府長岡京市友岡1-1-3","株式会社サンシャイン","3540603238475901","05/28","435987323678"
"蛯原 絢子","えびはら じゅんこ",69,"1954年08月28日","女","O","ebihara828@example.ne.jp","0587-51-8668","070-2068-9536","464-9541","愛知県刈谷市一ツ木町2-2-9","","5470262221233204","02/25","839343432380"
"松田 純","まつだ あや",69,"1954年02月17日","男","A","ayamatsuda@example.org","01398-8-6485","050-1190-0883","066-8145","北海道札幌市白石区菊水上町一条2-1-6","","371407894352663","08/26","082141081710"
"小川 陽子","おがわ ようこ",36,"1987年06月11日","女","B","youko_ogawa@example.net","0162-08-5388","050-2074-4441","083-8484","北海道札幌市北区北十二条西2-4-11","株式会社リエゾン","4805915034550457","05/28","194376917176"
"早川 裕哉","はやかわ ひろや",39,"1984年10月08日","男","AB","hayakawa_hiroya@example.ne.jp","03-2249-0186","080-4988-3819","156-4459","東京都港区南青山1-2-9","東和工業株式会社","371282540652109","09/27","158199186003"
"角田 知佳","つのだ ちか",51,"1972年10月20日","女","A","chikatsunoda@example.co.jp","03-2390-1224","050-0668-2877","149-3234","東京都世田谷区野沢1-3-18","合資会社上野木工製作所","5467863639718333","11/27","978925552720"
"栗林 大輔","くりばやし だいすけ",39,"1984年02月17日","男","O","kuribayashi_daisuke@example.jp","0264-54-2046","070-7256-9557","381-1575","長野県長野市若里2-2-11ラフィネス703","有限会社光洋","4582792135316081","08/25","884707446701"
"宮崎 亮","みやざき りょう",72,"1951年12月24日","男","A","ryou_miyazaki@example.ne.jp","06-3497-0127","050-8473-5138","560-4144","大阪府大阪市淀川区木川東4-3-8リブコート511","","4385897320168749","02/28","914538685340"
"西海 かえで","にしうみ かえで",26,"1997年10月20日","女","A","kaedenishiumi@example.jp","03-0769-6710","050-1680-9197","174-0971","東京都港区虎ノ門3-1-16","合資会社パーマ吉野","4065676730635431","11/25","436448976516"
"杉山 啓介","すぎやま けいすけ",47,"1976年03月27日","男","B","sugiyama_keisuke@example.jp","03-4337-9390","090-4714-4232","130-9644","東京都港区新橋3-1-11","有限会社高橋商会","3540038632681848","11/24","701135574129"
"清水 麻衣","しみず まい",67,"1956年06月12日","女","A","shimizu612@example.jp","03-7950-6891","070-7928-4491","105-5435","東京都中央区銀座2-2-7","","5413626436209938","01/28","706060555168"
"田中 有希子","たなか ゆきこ",47,"1976年04月11日","女","O","yukiko_tanaka@example.com","0438-53-4452","090-7677-0919","294-8279","千葉県四街道市千代田3-2-708","合名会社黑須商店","5466688325572913","03/27","354074404517"
"小泉 幸子","こいずみ さちこ",46,"1977年07月06日","女","B","sachiko_koizumi@example.com","03-6517-6599","080-6043-7234","141-7321","東京都新宿区西落合1-5-8ドルチェヴィータ507","有限会社ワイズ","4652854610987920","10/27","738577592160"
"佐藤 達也","さとう たつや",25,"1998年06月22日","男","A","tatsuya_sato@example.ne.jp","06-6693-7994","080-9124-1784","561-8614","大阪府大阪市旭区大宮2-5-7","合同会社Ｇｒａｎｄ","370142150117150","11/27","897468961075"
"井上 一誠","いのうえ いっせい",78,"1945年12月16日","男","A","inoue_1216@example.com","03-4332-1423","080-6076-0380","173-0147","東京都港区南麻布3-4-19","","5430498608132671","11/27","613838002996"
"倉地 桂子","くらち けいこ",78,"1945年07月16日","その他・不明","B","kurachi_keiko@example.com","0898-66-1635","050-1760-7729","798-3058","愛媛県松山市一番町2-2-10","","5583916276783140","11/28","979488002275"
"澁谷 充","しぶや みつる",30,"1993年05月05日","男","O","mitsurushibuya@example.net","046-103-7620","080-4350-6271","250-4539","神奈川県横須賀市三春町2-3-3","有限会社ヒロコーポレーション","3570745478790193","02/28","197467063250"
"矢野 悠介","やの ゆうすけ",35,"1988年02月10日","男","O","yano_210@example.co.jp","03-5168-7140","070-6237-3909","126-1703","東京都新宿区新宿2-1-709グランドマンション604","株式会社ABC","4404715064172932","10/26","615231561557"
"馬場 皓平","ばば こうへい",80,"1943年08月09日","男","AB","kohei_baba@example.ne.jp","03-7665-8802","050-5594-4853","193-7696","東京都立川市柴崎町3-2-4","","5512480246590867","10/27","740389242580"
"吉田 芽衣子","よしだ めいこ",50,"1973年06月05日","女","O","yoshida_65@example.ne.jp","043-706-7888","070-2833-7159","289-0675","千葉県船橋市本町2-1-7","合名会社齊藤養兎所","371463092881771","04/25","992460129861"
"小泉 晃士","こいずみ こうじ",48,"1975年07月29日","男","A","kojikoizumi@example.co.jp","03-5041-4586","050-4576-4919","116-3877","東京都板橋区常盤台1-3-5","株式会社ニッシン","3582564788108327","12/25","007871626108"
"阿部 いづみ","あべ いづみ",78,"1945年09月15日","女","O","abe_915@example.org","06-1126-7233","090-8236-4830","549-0008","大阪府大阪市中央区北久宝寺町1-1-808","","379798297875033","07/26","273208969907"
"田所 明子","たどころ あきこ",64,"1959年02月02日","女","A","tadokoro_akiko@example.co.jp","01456-1-8954","050-7610-9520","076-9453","北海道札幌市北区新琴似九条3-2-5","","4041093612390706","06/25","256644356544"
"辻野 真実","つじの まみ",51,"1972年11月26日","女","A","tsujinomami@example.ne.jp","0157-63-4491","080-7223-1147","008-7187","北海道釧路市鳥取北2-3-5","合同会社アビリテラス","4156274797860165","02/26","401691465998"
"田中 美香","たなか みか",30,"1993年08月05日","女","B","tanaka_85@example.net","03-2585-3676","050-8457-5050","177-6941","東京都品川区東品川3-3-17","株式会社光栄","377444220023357","03/25","611470051182"
"小川 和人","おがわ かずと",71,"1952年11月23日","男","A","ogawa_1123@example.co.jp","0791-74-4324","070-7400-1486","653-9910","兵庫県神戸市東灘区深江北町1-3-5レック408","","4145245877241124","01/29","701936752592"
"中野 徹","なかの とおる",37,"1986年01月25日","男","A","nakanotooru@example.com","0973-77-7478","090-5516-4019","871-9143","大分県大分市勢家町1-3-4","株式会社清水","3584727951578158","03/26","746855043124"
"山崎 圭介","やまざき けいすけ",45,"1978年10月20日","男","AB","keisukeyamazaki@example.net","0436-06-6447","050-6915-4239","283-2231","千葉県印西市木下東2-5-403","","5209431458165300","09/25","588144705871"
"石垣 江理子","いしがき えりこ",58,"1965年02月01日","女","B","erikoishigaki@example.net","0467-12-7780","080-6428-8495","228-3747","神奈川県横須賀市根岸町1-2-108","有限会社エムズコーポレーション","5472285333425416","11/27","857544972381"
"大石 郁","おおいし かおる",68,"1955年11月07日","男","A","kaoruoishi@example.net","06-9891-4690","050-1219-2612","537-3110","大阪府大阪市北区西天満3-1-4","","3541983066036416","11/24","437397141941"
"関根 健太","せきね けんた",31,"1992年06月18日","男","AB","sekine618@example.net","044-407-0318","090-8658-6489","215-3246","神奈川県横浜市緑区霧が丘3-1-1007","合同会社スリー・ハット","5491244081009002","01/25","275347684146"
"池田 政利","いけだ まさとし",76,"1947年08月24日","男","A","masatoshiikeda@example.com","047-990-8002","050-0616-6097","287-6403","千葉県我孫子市我孫子3-2-8","","3566272328852582","08/24","467060488229"
"木下 琢哉","きのした たくや",51,"1972年09月15日","男","B","kinoshita_915@example.net","03-0366-4136","050-7010-7434","154-0804","東京都品川区東五反田3-3-7","菊地合資会社","379192938011259","09/25","877331955301"
"伊藤 太郎","いとう たろう",35,"1988年03月20日","男","O","tarouito@example.jp","0993-28-0484","070-8956-0279","893-6595","鹿児島県鹿児島市東坂元3-5-904アーバンヴィレッジ113","株式会社コムテック","3586822592059508","03/25","892690637195"
"佐藤 尚子","さとう なおこ",61,"1962年08月03日","女","B","sato83@example.net","03-6633-9962","080-7255-6588","108-8163","東京都港区六本木1-1-5","","4323866953071293","02/28","536925576368"
"吉川 緑","よしかわ みどり",31,"1992年03月29日","女","A","yoshikawa329@example.com","03-1248-5220","050-9273-1231","109-1835","東京都大田区田園調布1-4-12","有限会社トータス","3563116306292548","06/27","807061021303"
"浜口 日奈子","はまぐち ひなこ",49,"1974年03月12日","女","O","hinakohamaguchi@example.jp","0475-71-5473","080-6894-7726","275-6040","千葉県千葉市花見川区幕張町2-3-5","合資会社うえだ電器通商","4855386531036359","05/27","043237211635"
"増田 奈奈","ますだ なな",44,"1979年07月14日","女","AB","masudanana@example.com","03-0204-2224","090-7251-7909","142-1936","東京都武蔵野市吉祥寺東町1-5-7","株式会社オールウェイズ","5419210162293541","11/24","288308105540"
"尾崎 祥江","おざき よしえ",80,"1943年09月04日","女","B","ozaki_yoshie@example.net","03-1301-4279","080-7639-0801","193-2153","東京都足立区谷中3-3-4","","377442003048096","01/28","887988993640"
"馬場 太郎","ばば たろう",60,"1963年07月11日","男","A","baba_711@example.com","01392-8-4122","050-4661-5101","087-6065","北海道札幌市西区八軒十条東3-3-8","","5271414555170426","10/28","843833039960"
"橋本 雄介","はしもと ゆうすけ",45,"1978年05月23日","男","O","hashimoto_yuusuke@example.net","03-4328-3497","090-0668-1880","129-0785","東京都練馬区関町北2-2-15","合同会社Ｏｋａｂｅ","5585019249923600","12/24","756676281026"
"三國 寛","みくに ひろし",24,"1999年01月30日","男","O","hiroshimikuni@example.com","084-453-6047","050-0327-5763","736-8841","広島県広島市安佐南区安東2-1-3リーガル402","有限会社アイズ","3563399031225740","05/27","951668203390"
"北口 英昭","きたぐち ひであき",76,"1947年12月16日","男","O","hideaki_kitaguchi@example.com","086-628-0745","050-5557-9569","701-8669","岡山県岡山市北区今3-2-21","","3545699694683348","09/28","885345188772"
"佐野 夏織","さの かおり",68,"1955年06月03日","女","B","kaorisano@example.org","0475-36-2562","050-5390-5603","267-8839","千葉県船橋市本町3-1-1106","","4824717056463255","09/25","691748784058"
"朝倉 晋平","あさくら しんぺい",25,"1998年04月24日","男","A","asakura_shimpei@example.com","0467-87-0037","070-4271-3555","238-7752","神奈川県川崎市川崎区渡田3-2-3","","5509266853924845","12/28","050051469388"
"竹口 麻","たけぐち あさ",70,"1953年10月14日","女","A","takeguchi1014@example.org","03-0672-6890","070-5834-8308","196-4247","東京都中野区東中野2-2-9","","3532278501218161","11/26","495494604697"
"檜垣 拓也","ひがき たくや",51,"1972年07月07日","男","A","higaki_takuya@example.co.jp","03-6595-2869","050-0472-0759","131-2487","東京都世田谷区船橋3-2-22","有限会社ブレインズ","374875386345394","01/29","387735530854"
"坂本 泉","さかもと いずみ",54,"1970年01月02日","女","A","izumi_sakamoto@example.co.jp","0794-20-9907","080-7560-9016","679-5974","兵庫県神戸市灘区青谷町1-4-10グルーブ315","有限会社小林商店","5344920147025160","02/24","165080143124"
"飯干 良仁","いいぼし よしと",79,"1944年03月16日","男","B","iiboshi_316@example.ne.jp","0494-13-6872","070-0961-9306","349-8762","埼玉県さいたま市南区白幡3-3-306","","4484264293772603","12/25","165981303228"
"室井 保夫","むろい やすお",23,"2000年02月07日","男","B","yasuo_muroi@example.org","03-1483-7096","080-5538-8361","207-7700","東京都大田区上池台1-2-8","ｆｄｓａ合同会社","5271187601866748","07/24","075683902276"
"西尾 武司","にしお たけし",38,"1985年09月24日","男","A","takeshinishio@example.co.jp","03-9300-7905","070-1389-3118","142-2150","東京都目黒区目黒3-5-19ジオ105","有限会社ループ","4061334820783414","03/24","311088584894"
"岡本 光平","おかもと こうへい",37,"1987年01月20日","男","O","okamoto_120@example.com","03-6552-0573","080-2986-2320","116-6104","東京都練馬区練馬1-2-10","株式会社アルス","379470050878378","05/25","351089158050"
"岩田 基晴","いわた もとはる",68,"1955年08月26日","男","A","motoharu_iwata@example.net","03-4361-9530","070-9271-8234","158-9291","東京都羽村市羽加美3-5-901","","377906996321645","06/24","656525447815"
"坂本 公宏","さかもと まさひろ",21,"2002年03月05日","男","AB","sakamotomasahiro@example.co.jp","03-7927-2961","050-0554-8341","205-0398","東京都杉並区宮前1-3-10","","5515873764566573","06/24","831809182745"
"鳥居 隆史","とりい たかし",74,"1949年08月14日","その他・不明","A","torii_takashi@example.ne.jp","0564-90-9962","090-7431-4139","459-3441","愛知県一宮市本町1-3-4","","5143313574285791","04/26","864894405150"
"天内 優希","あまない ゆき",35,"1988年07月24日","女","AB","amanai_yuki@example.com","0532-89-7390","090-8429-0848","459-6626","愛知県小牧市堀の内2-2-10","合同会社ケアプラン時計台","4111166155789552","04/24","089320922551"
"大浦 玲子","おおうら れいこ",68,"1955年07月16日","女","A","reiko_oura@example.co.jp","06-5973-9169","080-4582-0725","579-5112","大阪府高石市高師浜3-2-7","","3585160882443368","11/27","637554276782"
"木村 芳子","きむら よしこ",52,"1971年02月10日","女","B","kimura210@example.jp","01658-4-1812","080-7939-6806","057-7105","北海道札幌市手稲区富丘五条2-3-702グランフェルティ416","有限会社ウイズ","3583142625239933","11/28","575779081527"
"柴田 誠","しばた まこと",49,"1974年09月03日","その他・不明","O","shibata_93@example.net","03-8618-1931","070-5066-7831","195-3030","東京都練馬区大泉町3-2-5","","378235792665834","11/28","300862374308"
"藤田 晃","ふじた あきら",39,"1984年04月14日","男","A","akira_fujita@example.net","03-0160-1207","070-0358-7289","133-2831","東京都世田谷区用賀4-2-7","株式会社エトワール","371697732672690","10/28","847744493245"
"藤田 直樹","ふじた なおき",35,"1988年09月10日","男","A","naoki_fujita@example.jp","046-541-1416","050-6882-0990","257-0415","神奈川県厚木市戸室1-2-4","マーケットプラン合同会社","3573422791739482","04/27","307671919856"
"本多 哲史","ほんだ さとし",24,"1999年10月31日","男","A","satoshihonda@example.net","06-9947-5488","090-8458-4797","562-6882","大阪府大阪市中央区本町2-3-5","合同会社ゆりＡＨ","5201744196706534","10/24","300417637951"
"藤川 有紀","ふじかわ ゆき",58,"1965年10月04日","女","O","fujikawa_yuki@example.com","03-9304-0136","080-8973-2986","207-6766","東京都台東区上野3-3-4","有限会社アルカディア","4032191332221382","05/25","860981188690"
"藤井 菜津美","ふじい なつみ",34,"1989年11月13日","女","O","natsumifujii@example.com","048-588-9302","080-7857-0958","338-4165","埼玉県熊谷市銀座1-1-3","有限会社富士","5521705738989717","08/25","881491715606"
"浦野 鉄平","うらの てっぺい",24,"1999年06月02日","男","O","teppei_urano@example.net","01634-7-7137","090-5066-5844","066-5662","北海道札幌市豊平区平岸三条1-3-5レピア802","合資会社北川商店","3549199720621590","01/29","873550963667"
"間瀬 修一","ませ しゅういち",44,"1979年05月27日","男","AB","maseshuuichi@example.org","03-4252-9674","080-3103-6861","149-3600","東京都三鷹市井口2-4-16","株式会社コスモテック","3528849098567545","02/26","045937775508"
"川辺 千尋","かわべ ちひろ",20,"2003年06月21日","女","B","kawabe_chihiro@example.org","0966-99-9627","080-4639-1533","865-9107","熊本県熊本市南区川尻3-2-4ペルル806","ドクターズホワイト合資会社","3541076545448805","09/24","280637812052"
"目代 千里","もくだい ちさと",78,"1945年04月27日","女","B","mokudai_427@example.co.jp","0791-35-5065","050-8375-0333","650-8884","兵庫県神戸市長田区川西通3-3-5","","4107970845435146","01/29","915006992933"
"加藤 康弘","かとう やすひろ",73,"1950年12月12日","男","O","yasuhirokato@example.jp","03-0660-1404","070-4386-9804","180-1483","東京都豊島区目白3-2-7","","370649186703647","09/25","309502293134"
"浦井 初実","うらい はつみ",38,"1985年06月07日","女","B","uraihatsumi@example.co.jp","0533-37-6894","080-1038-2462","455-6179","愛知県名古屋市港区正徳町3-1-9","株式会社サンエー","5244450972839742","01/25","230444523528"
"赤羽根 功","あかばね いさお",31,"1992年05月21日","男","A","isaoakabane@example.ne.jp","0255-45-7486","090-9478-9968","950-4402","新潟県長岡市蓮潟2-3-6グランディア712","有限会社鈴木組","3569455901977614","04/24","091703766817"
"岡崎 たかこ","おかざき たかこ",60,"1964年01月17日","女","B","takakookazaki@example.org","0285-51-0772","050-1659-1635","328-8133","栃木県鹿沼市西茂呂1-2-7","合名会社宝月","3538640330977412","12/24","638462538361"
"荒川 梨香","あらかわ りか",42,"1981年03月28日","女","AB","rikaarakawa@example.org","06-3195-4582","050-8247-3788","534-2875","大阪府吹田市高野台1-4-16","株式会社タケウチ","4134775348578640","12/24","808972728648"
"高村 陽子","たかむら ようこ",52,"1971年02月06日","女","B","takamura26@example.net","03-2797-7662","070-8641-1614","105-6351","東京都杉並区西荻北3-4-6","合同会社ｉＣｏｎ","3567729753908089","12/24","982582791039"
"藤井 章太","ふじい しょうた",37,"1986年02月23日","男","A","fujii223@example.co.jp","03-2665-8517","050-3005-8717","162-0159","東京都港区赤坂1-3-6","有限会社フロンティア","3548683748368137","03/24","283409643100"
"佐藤 耕平","さとう こうへい",64,"1959年07月07日","男","A","sato77@example.co.jp","0225-85-9501","070-5003-4536","984-0530","宮城県仙台市青葉区一番町2-3-17","","3567555101139436","03/26","227664464521"
"吉村 尚子","よしむら なおこ",40,"1983年10月10日","女","O","naoko_yoshimura@example.org","044-021-8856","070-5046-0336","238-5250","神奈川県厚木市戸室2-3-3","株式会社マイルストーン","5306349751483679","01/26","975562394789"
"加来 圭佑","かく けいすけ",37,"1986年04月19日","男","B","kaku_keisuke@example.co.jp","03-5212-7040","070-6593-0704","191-8279","東京都葛飾区南水元2-2-20","合資会社中条カメラ店","376206943032465","06/28","877930988455"
"川口 史明","かわぐち ふみあき",32,"1991年11月23日","男","O","kawaguchi1123@example.jp","03-9348-7960","080-6767-3176","153-3389","東京都杉並区高円寺南3-3-10","株式会社フタバ","4472227315725945","02/28","728927107663"
"松山 美智代","まつやま みちよ",78,"1945年02月28日","女","B","matsuyama228@example.com","0495-60-7851","090-8951-5713","342-5122","埼玉県北本市朝日3-3-17","","372700274468292","06/28","914865602202"
"菊池 彩","きくち あや",80,"1943年09月09日","女","B","kikuchi_99@example.co.jp","03-9460-0863","090-5118-4022","106-4378","東京都中央区築地2-3-4","","377815053631061","04/24","301780822392"
"萬田 宏","まんだ ひろし",29,"1994年03月07日","男","A","hiroshimanda@example.jp","06-5725-8811","080-5780-1442","547-8589","大阪府大阪市旭区高殿1-3-1107グランドムール607","塙産業合資会社","376324158937136","04/24","363017160619"
"秋田 弘樹","あきた ひろき",41,"1982年04月16日","男","B","hirokiakita@example.ne.jp","0465-47-4303","080-0710-7728","212-3312","神奈川県横浜市金沢区富岡西3-2-7エルパラッツォ402","合同会社新フォレスタ","5220493318393303","09/24","090668933571"
"仮屋 雅敏","かりや まさとし",46,"1977年10月21日","男","A","kariyamasatoshi@example.org","0470-16-3565","050-3251-0562","283-0696","千葉県千葉市中央区祐光2-3-10","株式会社扇屋","374135613899584","08/28","653520761881"
"中村 理恵","なかむら りえ",62,"1962年01月09日","女","A","rienakamura@example.net","03-4714-5840","080-0149-6825","146-1749","東京都墨田区横川4-2-9","","5437107914080176","05/25","758376269850"
"千代田 修","ちよだ おさむ",45,"1978年02月12日","男","A","chiyoda212@example.com","0565-67-6450","070-1804-0360","475-3148","愛知県名古屋市南区大同町3-2-11","合同会社ＬＩＦＩＸ","5541205779042787","07/26","204751299260"
"山内 加奈子","やまうち かなこ",48,"1975年03月18日","女","O","kanakoyamauchi@example.co.jp","046-180-3882","090-7212-1104","229-0121","神奈川県相模原市南区相模台2-3-3","つくば応用開発合資会社","375241899286246","07/25","666872636763"
"高木 祥子","たかぎ しょうこ",42,"1981年04月06日","その他・不明","O","shoukotakagi@example.com","06-4459-9165","090-2331-5518","541-9057","大阪府大阪市淀川区宮原3-2-15","株式会社タカヤマ","377866782205297","08/26","596875980181"
"植田 崇","うえだ たかし",65,"1958年01月31日","男","O","uedatakashi@example.ne.jp","03-6235-2776","070-9995-5735","188-2763","東京都墨田区両国1-2-309","","4477466257530898","07/24","378361902427"
"佐藤 順子","さとう じゅんこ",62,"1961年07月10日","女","A","junkosato@example.ne.jp","01655-4-3360","050-9258-4371","095-4435","北海道紋別市緑町1-2-21","","4555728558177017","07/27","199838094768"
"霜村 裕一","しもむら ゆういち",57,"1966年12月12日","男","A","yuuichishimomura@example.co.jp","03-4966-5509","050-7287-5878","207-4127","東京都大田区南馬込3-2-1208","有限会社イースト","5223540583412726","01/26","841929908303"
"土屋 昌彦","つちや まさひこ",45,"1978年02月03日","男","O","masahikotsuchiya@example.co.jp","0297-65-4269","090-6587-6655","307-6846","茨城県つくば市並木3-1-9","","4639545115195302","01/29","549182272770"
"稲冨 りん","いなとみ りん",23,"2000年12月22日","その他・不明","O","inatomi_rin@example.org","03-0594-4839","070-7783-9720","189-5224","東京都中野区中央1-1-11","有限会社石川製作所","3536619823554781","02/27","471904950990"
"藤本 智子","ふじもと ともこ",73,"1950年06月27日","女","B","fujimoto_627@example.co.jp","0993-41-2970","050-6271-1138","897-8265","鹿児島県鹿屋市寿2-1-10","","4074368100973308","09/28","690897000306"
"谷口 俊雄","たにぐち としお",26,"1997年11月05日","男","A","taniguchi_toshio@example.com","0475-67-4307","080-4246-7554","283-6762","千葉県流山市おおたかの森西2-4-5","桜井運送有限会社","370089547602545","12/27","580663149250"
"白石 伸夫","しらいし のぶお",70,"1953年10月09日","男","AB","shiraishinobuo@example.org","06-2208-8263","050-9280-0502","592-8201","大阪府大阪市平野区長吉長原3-3-6","","370976780788462","09/28","304124526565"
"加藤 正治","かとう せいじ",40,"1983年05月26日","男","A","seiji_kato@example.ne.jp","03-1731-7423","070-7754-5222","112-5270","東京都中央区銀座4-2-8","","370406920871515","01/29","779588914574"
"前田 圭祐","まえだ けいすけ",35,"1988年08月19日","男","O","maeda_819@example.net","01564-6-9694","070-9932-0190","067-3152","北海道美唄市大通東一条北4-2-9","合同会社Ｋａｋａ．Ｅｌａｍａ","4980469453223193","10/27","798338649977"
"新岡 亜子","にいおか あこ",20,"2003年01月27日","女","A","akoniioka@example.org","0863-59-1318","080-1698-9704","702-0172","岡山県岡山市南区泉田3-1-4","ＡＡＡ毎月３８００円個人事業主様の記帳経理丸ごとパック全国税理士ネットワーク合資会社","4479588617395270","06/27","461242120334"
"森田 健","もりた けん",70,"1953年11月13日","男","AB","morita1113@example.net","03-7023-3247","070-6753-2297","142-8807","東京都中野区本町2-3-9","","5527695257022962","07/26","755139892799"
"谷川 大","たにがわ だい",73,"1950年02月08日","男","AB","tanigawa_28@example.ne.jp","0797-90-9400","090-5797-4807","660-7985","兵庫県神戸市長田区二葉町2-3-4","","3531577386768823","12/27","379275516278"
"赤井 昌幸","あかい まさゆき",69,"1954年09月10日","男","A","akaimasayuki@example.org","0465-27-6233","070-4443-0143","254-3955","神奈川県川崎市宮前区鷺沼3-5-17","","5463176773374803","10/25","274058644903"
"坪井 雄太","つぼい ゆうた",78,"1945年05月30日","男","A","tsuboi530@example.ne.jp","0748-34-6442","080-8271-7296","524-6107","滋賀県大津市大江1-2-9ヴィラデステ101","","4299399027200367","04/28","973375973748"
"倉谷 雄一","くらたに ゆういち",65,"1958年03月20日","男","A","yuuichi_kuratani@example.jp","0465-29-0827","080-9097-4245","257-0536","神奈川県平塚市東八幡2-4-601","","4180609657301398","01/28","844773086757"
"菊川 直樹","きくかわ なおき",36,"1987年12月17日","男","O","naoki_kikukawa@example.net","09802-3-8218","080-3102-3527","909-8342","沖縄県那覇市おもろまち3-1-7","尾鷲印刷合資会社","371804619939644","11/27","993015866437"
"宇野 佳苗","うの かなえ",51,"1972年12月18日","女","O","kanae_uno@example.co.jp","01564-6-8638","090-6069-9546","098-5303","北海道札幌市南区南沢四条2-1-10","合名会社六合商会","4674078756098243","05/24","210671194190"
"薄田 優希","うすだ ゆき",24,"1999年10月14日","女","O","usuda1014@example.co.jp","0747-09-7112","090-0026-6676","638-1093","奈良県北葛城郡王寺町久度2-1-10サンマンション309","合名会社田所商店","5544885960674709","11/24","032275995184"
"越智 憲","おち ただし",78,"1945年02月10日","男","A","ochi210@example.org","03-7880-5622","080-5659-1167","168-0562","東京都渋谷区広尾3-1-602ファミーユ514","","3540242145432067","12/24","167413660213"
"古山 匠","ふるやま たくみ",51,"1972年05月29日","男","O","furuyama529@example.ne.jp","0480-12-1861","090-1681-0226","330-8364","埼玉県蕨市錦町1-3-13","有限会社光和","3548992431487348","01/27","389992449408"
"星 依子","ほし よりこ",76,"1947年11月23日","女","A","yoriko_hoshi@example.net","03-3496-0267","070-3404-8812","110-7834","東京都渋谷区恵比寿4-1-6ネオグランデ114","","373529313210020","03/27","568446368687"
"飯村 哲","いいむら さとし",70,"1953年12月06日","男","B","satoshiiimura@example.jp","0466-79-2651","090-6440-7690","251-4603","神奈川県横浜市鶴見区駒岡2-4-608パラッシオ608","","5337004194542572","12/28","671929685344"
"滝口 範幸","たきぐち のりゆき",72,"1951年05月21日","男","A","takiguchi521@example.co.jp","03-9693-0499","050-3318-0421","147-1104","東京都板橋区板橋3-5-15","","379662433112919","07/25","649086933779"
"松下 靖子","まつした やすこ",80,"1943年05月18日","女","A","matsushita_518@example.org","06-4217-4122","080-2449-2024","532-3667","大阪府吹田市千里山西1-1-21","","376126933270091","10/28","502822461129"
"塚本 宏治","つかもと こうじ",45,"1978年04月18日","男","A","kojitsukamoto@example.jp","03-6221-1318","090-5359-0371","179-7827","東京都西東京市芝久保町1-1-3","合資会社小島組","370674558842070","11/28","472934380923"
"田中 不二子","たなか ふじこ",58,"1965年05月06日","女","AB","tanaka_56@example.co.jp","09496-6-4557","090-7071-8092","807-6279","福岡県福岡市博多区住吉2-3-3","合名会社農友會","4578058614844548","07/24","839973953290"
"砂山 拓也","すなやま たくや",38,"1985年02月19日","男","B","takuya_sunayama@example.co.jp","03-6336-9222","070-7306-6422","190-3507","東京都大田区池上3-5-6レイセニット812","株式会社エスプリ","377543482050782","03/27","167185691588"
"高柳 有里","たかやなぎ ゆり",30,"1993年06月05日","女","B","takayanagi_yuri@example.ne.jp","03-3858-1759","080-8230-2019","136-1196","東京都葛飾区亀有1-1-18","株式会社日栄","378228115136864","04/28","033601965890"
"横山 隆司","よこやま りゅうじ",23,"2001年01月17日","その他・不明","O","ryuujiyokoyama@example.jp","03-5670-1598","080-3907-7893","144-2309","東京都目黒区青葉台2-2-7","合同会社野村事務所","372550963848795","11/28","746232445809"
"奥田 薫","おくだ かおる",35,"1988年05月06日","女","A","okuda_56@example.ne.jp","03-0488-3164","050-0830-8534","209-7577","東京都港区南青山1-2-14","合同会社検査ぶんせき技術士事務所","5536280731040945","12/26","037999030565"
"松原 正教","まつばら まさのり",50,"1973年02月21日","男","B","matsubaramasanori@example.net","01374-7-7916","070-3304-8520","088-5811","北海道札幌市白石区北郷三条2-2-1201","合同会社ｉｄｅａ","4154838502058851","02/27","251600350083"
"池田 昭夫","いけだ あきお",54,"1969年07月17日","男","AB","akioikeda@example.co.jp","06-8069-0135","050-8339-6051","572-6574","大阪府大阪市北区豊崎1-1-1201","","3570628713391789","05/24","766776445706"
"鶴見 怜子","つるみ さとこ",27,"1996年06月20日","女","B","tsurumi_satoko@example.jp","03-0623-7471","070-2642-4485","155-3209","東京都三鷹市大沢3-2-607","合名会社コンサルティング・ダンノ","5424117177157129","01/27","022012892709"
"瓦井 聖子","かわらい せいこ",51,"1972年04月28日","女","O","kawarai428@example.ne.jp","042-569-6380","050-2598-6251","369-4669","埼玉県東松山市松葉町1-1-4セラフ114","株式会社コーシン","5529641773493889","06/24","462608736950"
"高橋 康晴","たかはし やすはる",27,"1996年04月15日","男","A","yasuharu_takahashi@example.co.jp","03-7828-3617","080-8707-8868","114-5996","東京都杉並区上荻1-1-5","合同会社創","4909278820641351","11/25","737520927258"
"中江 佑季","なかえ ゆうき",25,"1998年06月21日","女","O","nakae_yuuki@example.ne.jp","06-8407-8043","050-4742-9379","548-3894","大阪府池田市神田1-3-805","株式会社栄進","3539356268963303","09/26","942642185808"
"酒井 啓太","さかい けいた",73,"1950年08月16日","男","A","sakai816@example.net","0799-72-4964","090-1475-8154","677-8154","兵庫県神戸市灘区城内通1-1-5","","377843277952139","01/28","976777882110"
"坂本 誠治","さかもと せいじ",46,"1977年05月01日","男","A","sakamoto_51@example.co.jp","0466-05-5752","050-2229-1070","210-9960","神奈川県横浜市瀬谷区阿久和西2-2-5","","4644443580585616","09/27","017208827014"
"石田 康弘","いしだ やすひろ",43,"1980年08月17日","男","O","ishida_yasuhiro@example.net","044-445-4121","080-2780-4389","247-5997","神奈川県横浜市鶴見区馬場4-1-7","","3584822821807372","02/24","574448647192"
"田島 弘美","たじま ひろみ",50,"1973年06月20日","女","AB","hiromitajima@example.org","03-6008-6894","090-0608-0837","116-9416","東京都世田谷区船橋3-3-5","有限会社青木工務店","5294830379437753","09/28","802134586094"
"足立 りさ","あだち りさ",41,"1982年08月07日","女","A","adachi_87@example.net","03-7623-1259","090-9969-3201","196-1646","東京都中央区銀座1-3-3","株式会社MK","379070356296372","09/24","744404362070"
"山下 尚美","やました なおみ",25,"1998年06月19日","その他・不明","A","yamashitanaomi@example.ne.jp","03-5222-8061","050-0108-5353","183-2089","東京都港区赤坂2-4-21","合名会社南陽自動車","374524057649185","06/25","281402693346"
"竹田 正樹","たけだ まさき",42,"1981年05月03日","男","A","masakitakeda@example.com","0237-12-0170","070-2491-0614","992-8076","山形県米沢市大町1-2-3","株式会社ストリーム","370980591489344","03/24","136910947566"
"関根 裕","せきね ひろし",58,"1965年02月09日","男","O","hiroshi_sekine@example.co.jp","0561-98-7183","090-1211-6431","465-0269","愛知県春日井市如意申町4-1-10","","3558300444186799","04/24","558360766137"
"小西 克己","こにし かつみ",53,"1970年10月15日","男","A","katsumi_konishi@example.co.jp","0178-02-5011","090-7680-9990","035-0762","青森県上北郡おいらせ町向山3-3-16","有限会社朝日","377766940436901","10/25","476918938278"
"新井 周子","あらい ちかこ",30,"1993年05月22日","女","O","arai_chikako@example.co.jp","0940-75-3356","090-8897-3188","835-6048","福岡県福岡市早良区飯倉3-3-8","株式会社英","4837069571342258","02/28","828550915578"
"高島 佳奈","たかしま かな",36,"1987年11月11日","女","B","takashimakana@example.org","098-632-9283","090-8944-2918","903-5181","沖縄県浦添市牧港1-3-1207パストラルハイム709","株式会社ベース","374663171629267","11/25","388739444657"
"杉野 真希","すぎの まき",25,"1998年11月22日","女","A","sugino_1122@example.com","03-3205-2690","090-2226-2009","198-1524","東京都葛飾区東四つ木3-4-7","有限会社華","4613592379633230","06/25","801782129166"
"盛永 健太","もりなが けんた",65,"1958年11月13日","男","O","morinaga_kenta@example.ne.jp","0467-06-4313","050-1950-3625","211-0695","神奈川県厚木市中町1-1-22ディオレ309","","3548217371705396","02/26","387288142302"
"大城 祥","おおしろ さち",62,"1961年07月01日","男","A","sachi_oshiro@example.net","0134-10-5002","080-5776-7372","073-0620","北海道河東郡音更町木野東通3-3-103","","4845845398789213","07/25","234869104990"
"高橋 徹","たかはし とおる",75,"1948年04月07日","男","B","tooru_takahashi@example.net","06-8894-9625","090-5624-7541","534-8129","大阪府大阪市淀川区西中島1-2-18","","3538718597581091","10/26","232926914721"
"五十嵐 真司","いがらし しんじ",24,"1999年03月08日","男","O","shinjiigarashi@example.com","0563-00-3199","090-7131-4133","481-8522","愛知県名古屋市西区城西2-1-3パークハウス510","大和興業株式会社","375308948899731","06/25","835301109959"
"岡本 一美","おかもと かずみ",47,"1976年07月31日","女","A","kazumiokamoto@example.net","028-942-1855","090-0272-3375","320-9785","栃木県鹿沼市西茂呂1-3-16","新栄工業株式会社","5583778170899871","01/27","720117618130"
"柴田 孝行","しばた たかゆき",34,"1989年09月21日","男","O","shibata_921@example.ne.jp","0794-90-8645","090-4470-6936","667-1466","兵庫県神戸市中央区浜辺通3-1-6","合名会社丸屋","3555350208865743","05/28","883212413576"
"竹村 芳明","たけむら よしあき",54,"1969年08月04日","男","A","takemura84@example.net","03-0265-9197","080-7343-2353","100-7285","東京都千代田区九段北2-1-307","合同会社勇真興業","370567237472741","07/25","729891711948"
"副島 明弘","そえじま あきひろ",67,"1956年02月21日","男","O","soejimaakihiro@example.net","0436-72-7457","070-8004-4112","291-1600","千葉県船橋市本町1-2-4","","374328389147284","07/24","451871943542"
"梅本 礼子","うめもと れいこ",55,"1968年01月30日","女","A","umemotoreiko@example.co.jp","03-7380-5833","080-5646-2340","148-9663","東京都豊島区東池袋1-5-20パークハウス406","株式会社トレス","371256043451045","10/26","650592175708"
"佐藤 洋","さとう ひろし",75,"1948年09月19日","男","A","hiroshi_sato@example.com","06-5971-5962","090-7638-8619","546-1049","大阪府大阪市平野区加美東1-5-1207","","5498780743864634","01/25","754414687100"
"中川 浩子","なかがわ ひろこ",42,"1981年02月04日","女","B","nakagawa_24@example.ne.jp","03-6641-9787","090-6732-5397","183-0022","東京都品川区東五反田2-3-505","有限会社寿商事","3573739378315653","11/28","472742055565"
"山口 秋子","やまぐち あきこ",43,"1980年04月26日","女","O","yamaguchiakiko@example.ne.jp","03-2312-1608","070-2828-2577","136-2120","東京都新宿区北新宿1-5-21ライオンズ209","株式会社レグルス","4003854805575262","10/28","559482866384"
"杉山 隆治","すぎやま りゅうじ",74,"1949年10月27日","男","AB","sugiyama_1027@example.ne.jp","03-6781-1198","050-1494-3086","134-5106","東京都江戸川区西小岩2-4-409","","5265020696005831","09/25","163622052713"
"渡邊 純子","わたなべ じゅんこ",51,"1972年02月19日","女","A","watanabejunko@example.org","06-7360-5558","070-0855-0346","549-8824","大阪府大阪市中央区南久宝寺町2-3-12","第一建設有限会社","378216460636125","08/25","563902164019"
"関 啓太","せき けいた",24,"2000年01月18日","男","O","sekikeita@example.org","03-5541-3789","090-5966-6547","177-3338","東京都新宿区北新宿1-2-11","株式会社サカモト","3573742617427255","09/27","537985841229"
"島田 一洋","しまだ かずよし",68,"1955年12月01日","男","B","kazuyoshi_shimada@example.net","0463-20-7984","070-4779-6880","224-3797","神奈川県横浜市青葉区あざみ野3-1-6","","379775347811630","05/25","113675846625"
"矢口 明","やぐち あきら",27,"1996年06月21日","男","A","yaguchiakira@example.org","046-822-0650","090-6495-6038","215-8261","神奈川県横浜市鶴見区下野谷町3-3-6","","370617313973607","06/24","789366363699"
"森田 雄一郎","もりた ゆういちろう",66,"1957年05月18日","男","A","yuuichirou_morita@example.jp","0460-37-6519","080-0615-9609","254-9732","神奈川県横須賀市不入斗町2-4-6","","371631728643985","08/25","727107224367"
"片岡 高博","かたおか たかひろ",41,"1982年10月22日","男","A","takahirokataoka@example.co.jp","03-0244-8723","070-7781-5136","206-2255","東京都立川市柴崎町2-4-18","有限会社アクロス","4242063154238594","08/24","311619937142"
"酒井 学","さかい まなぶ",61,"1962年12月03日","男","AB","sakai_manabu@example.org","0466-68-4989","050-9140-6527","240-3000","神奈川県横浜市戸塚区原宿3-5-15","","370098153857483","10/28","023139033515"
"小野 奈緒","おの なお",66,"1957年10月08日","女","O","nao_ono@example.jp","03-3122-8236","070-0020-0966","139-9202","東京都港区芝2-1-19ユニーブル405","","3540078773440745","08/24","250655827729"
"高橋 由美子","たかはし ゆみこ",20,"2003年05月11日","女","A","yumikotakahashi@example.co.jp","03-4589-7669","050-1160-8454","167-7871","東京都荒川区荒川1-1-15","有限会社みなみ","5396034316389386","07/28","719795894262"
"鈴木 育美","すずき いくみ",38,"1985年12月03日","女","O","ikumi_suzuki@example.com","0774-21-1167","090-7870-3220","608-6641","京都府京都市伏見区両替町2-3-8","株式会社ブレーン","4067311337424843","12/26","774869905955"
"寺本 健太郎","てらもと けんたろう",25,"1998年08月25日","男","O","teramotokentarou@example.org","0282-37-4897","090-4134-8001","324-6211","栃木県宇都宮市東宿郷1-2-9","合名会社ホープナビ","3552468538254371","09/25","075823544847"
"古牧 将人","ふるまき まさと",43,"1980年04月27日","男","O","furumakimasato@example.org","0465-18-5236","050-8526-3760","238-8385","神奈川県横浜市磯子区磯子4-3-3","株式会社ライフデザイン","5317433874130883","03/25","761198436292"
"出川 徹郎","でがわ てつろう",40,"1984年01月12日","男","AB","tetsuroudegawa@example.com","03-0311-5678","050-6682-5932","182-2285","東京都杉並区成田東1-2-7","株式会社大黒屋","374941552777693","04/26","403959110341"
"小野澤 大輔","おのざわ だいすけ",80,"1943年01月25日","男","A","daisuke_onozawa@example.ne.jp","03-9910-1752","090-1549-4066","115-6466","東京都江東区東陽2-2-6","","4270084334342473","06/28","562506580658"
"穴井 和隆","あない かずたか",41,"1982年11月30日","男","O","anai1130@example.jp","0834-90-0661","090-5186-4164","750-8592","山口県岩国市元町4-3-10","合同会社シーケンス","5201579186698964","08/24","856034381803"
"池田 綾子","いけだ あやこ",60,"1963年11月04日","女","O","ikeda_ayako@example.jp","0827-25-0275","080-6823-7614","739-5044","広島県呉市本通3-3-21トーカンマンション605","株式会社富士","4623004957326466","11/25","336234062393"
"黒岩 真梨子","くろいわ まりこ",76,"1947年04月01日","女","B","kuroiwa_mariko@example.net","03-3175-6801","090-8459-4331","135-9705","東京都世田谷区給田3-1-10","","3555938815465616","12/28","849931488770"
"西川 コウ","にしかわ こう",46,"1977年09月30日","女","A","nishikawa930@example.ne.jp","03-9584-4321","090-7265-6147","198-5937","東京都板橋区赤塚1-3-12","株式会社クレスト","374655306707281","02/26","043293092916"
"渡辺 純矢","わたなべ じゅんや",46,"1977年12月27日","男","A","watanabejunya@example.org","03-3686-5949","070-3249-6033","192-9474","東京都文京区湯島3-4-22","有限会社トータス","5556127374289260","02/26","295280814040"
"西 美穂","にし みほ",35,"1988年03月06日","女","A","nishimiho@example.net","03-2610-5718","090-6546-0998","141-9145","東京都北区西ケ原4-2-9","株式会社STEP","3561703972026722","10/27","697479783587"
"吉池 高志","よしいけ たかし",42,"1981年07月13日","男","B","yoshiiketakashi@example.org","0235-43-7271","080-0592-4272","998-0462","山形県米沢市春日4-3-7","株式会社前田商店","5242483039895565","06/27","424129133133"
"多田 洋平","ただ ようへい",61,"1962年09月18日","男","B","tada918@example.ne.jp","03-0576-1545","050-7917-7632","171-8786","東京都台東区松が谷3-5-21","","372015344335201","01/25","901072473962"
"中山 知子","なかやま ともこ",45,"1978年04月24日","女","A","tomokonakayama@example.org","0561-31-9002","070-3452-8401","493-3839","愛知県春日井市白山町1-3-5フレックス711","株式会社プリズム","372049275778485","04/28","838004076420"
"久保 恵","くぼ めぐみ",43,"1980年05月21日","女","O","megumi_kubo@example.com","03-9813-8645","050-6504-7868","146-1460","東京都東村山市秋津町3-1-604リッツハウス409","株式会社ツカサ","378089003108765","03/27","337672400745"
"福井 秀寿","ふくい ひでとし",28,"1995年07月18日","男","A","fukui718@example.org","0564-21-8270","090-0829-8565","448-9850","愛知県瀬戸市品野町3-1-11ヴィークコート608","株式会社光輝","3580452488855946","07/27","382274065710"
"堤 賢亮","つつみ けんすけ",77,"1946年11月30日","男","O","tsutsumi_kensuke@example.net","03-5609-6006","090-2804-9646","122-1891","東京都世田谷区深沢3-3-5","","4319781020160365","01/26","605805686919"
"和知 香織","わち かおり",69,"1954年10月29日","女","O","kaoriwachi@example.com","0824-48-9364","080-9807-7017","739-0367","広島県呉市宮原2-3-7","","4149532767183748","10/24","968925770579"
"藤巻 英明","ふじまき ひであき",51,"1972年12月04日","男","AB","fujimaki124@example.org","046-699-6703","090-1331-0911","210-4754","神奈川県横須賀市大津町4-3-10","株式会社マインズ","5320265352834023","01/29","154066088429"
"青木 志乃","あおき しの",47,"1976年04月04日","女","A","shino_aoki@example.ne.jp","06-5842-9257","080-9576-8291","568-3894","大阪府大阪市鶴見区浜2-5-1109","株式会社ありがとう","373714898722900","03/25","677369651897"
"望月 晃","もちづき あきら",56,"1967年05月11日","男","B","akira_mochizuki@example.com","0561-59-0863","090-3451-3309","475-8653","愛知県名古屋市中村区松原町1-2-908","有限会社フジコーポレーション","377407361974472","02/26","390674215153"
"栗原 栄樹","くりはら ひでき",22,"2002年01月19日","男","O","kurihara_119@example.net","0848-61-7591","070-4396-1257","739-0381","広島県尾道市平原3-4-3","株式会社デルタ","4375813134922173","03/28","900599295250"
"児玉 賢","こだま けん",29,"1994年03月24日","男","B","kodama_324@example.org","0794-38-7145","050-7935-5841","672-9184","兵庫県尼崎市東本町1-5-15","有限会社太田商店","5381624222431061","07/24","738995048832"
"笹田 康友","ささだ やすとも",67,"1956年11月29日","男","A","yasutomo_sasada@example.com","03-1174-7887","050-7440-5598","199-3885","東京都中央区日本橋室町3-2-19","","376646463711420","11/27","924875531287"
"齋藤 悠紀","さいとう ゆうき",51,"1972年07月17日","男","A","saito_yuuki@example.net","0533-34-2760","090-3855-1956","455-2749","愛知県稲沢市日下部北町1-1-8","合同会社ＣＯＭＦＹ","374028715141262","01/28","766696234984"
"室田 浩之","むろた ひろゆき",55,"1969年01月06日","男","O","murotahiroyuki@example.net","044-605-3125","050-2900-6048","214-9506","神奈川県横浜市港南区日野3-3-11","有限会社カワムラ","4498154858465756","11/28","357142959165"
"佐藤 亜也子","さとう あやこ",28,"1995年02月03日","女","A","satoayako@example.ne.jp","03-9559-7072","050-2424-2574","158-7404","東京都中央区銀座2-4-9","有限会社マルサン","3582132383518439","10/25","683537696990"
"滝口 雅人","たきぐち まさと",72,"1951年02月16日","男","B","takiguchi216@example.jp","0439-00-8567","080-6273-6769","275-9229","千葉県松戸市小金原2-5-7ザ・ライオンズ416","","5593060564316335","02/24","665685488932"
"鈴木 歩","すずき あゆみ",49,"1974年04月14日","男","O","suzuki_ayumi@example.jp","045-898-0594","080-3635-6486","210-9703","神奈川県鎌倉市七里ガ浜東2-1-6","株式会社マーベラス","3551592268418442","11/27","997445576713"
"平塚 彩佳","ひらつか あやか",50,"1973年11月23日","女","B","hiratsuka_ayaka@example.jp","0942-87-9201","050-6681-5024","841-1462","佐賀県佐賀市松原3-2-5","有限会社グローバル","3571961285401911","11/25","313308578737"
"藤田 慎一","ふじた しんいち",76,"1947年10月05日","男","O","shinichifujita@example.com","078-105-3361","080-3030-2942","665-7097","兵庫県神戸市灘区深田町1-3-9","","3563666001218651","05/28","846948822497"
"遠藤 真紀","えんどう まき",38,"1985年02月17日","女","AB","endou_maki@example.ne.jp","04-7068-1205","070-7097-4617","363-4257","埼玉県熊谷市別府3-4-9","大和商事株式会社","3551943641413834","08/25","117822354097"
"川原田 隆司","かわはらだ りゅうじ",70,"1953年02月25日","男","AB","kawaharada_ryuuji@example.org","0463-93-1118","080-3419-7497","223-6406","神奈川県横浜市南区別所3-2-307ロイヤルマンション709","","5394736088283678","08/25","965940921703"
"戸塚 瑠奈","とつか るな",24,"1999年02月04日","女","O","runa_totsuka@example.ne.jp","0494-89-3995","080-4761-6613","369-2919","埼玉県川口市戸塚2-2-14","有限会社コーエイ","5448693689799394","05/25","362780067453"
"堀田 京子","ほった きょうこ",57,"1966年03月20日","女","B","hottakyouko@example.jp","03-5113-3475","070-8330-8585","132-1106","東京都墨田区両国1-2-309","合同会社ＪＵＮ","4064260049554285","01/28","805943091593"
"岩田 大樹","いわた たいき",20,"2003年01月27日","男","A","iwata_127@example.co.jp","077-039-9874","090-8743-8149","616-3817","京都府京田辺市松井ケ丘2-1-3","有限会社藤商事","4096769975364040","09/27","009776487942"
"鈴江 倫明","すずえ ともあき",38,"1985年08月12日","男","A","suzue_tomoaki@example.ne.jp","0478-67-5658","050-1039-3850","280-7304","千葉県木更津市太田1-2-7","有限会社エム","378306183065502","05/24","372598858408"
"菱田 和美","ひしだ かずみ",45,"1978年09月09日","女","O","kazumihishida@example.com","076-276-9330","050-9178-1364","924-6805","石川県金沢市大野町1-2-15","","3564950155093519","02/24","790021505596"
"島村 秀明","しまむら ひであき",54,"1969年06月15日","男","AB","shimamurahideaki@example.ne.jp","06-2526-0421","070-7246-8167","580-7114","大阪府吹田市春日3-3-9","ハンター合同会社","3584791775580410","05/24","823664533584"
"本田 信之介","ほんだ しんのすけ",50,"1973年02月17日","男","AB","shinnosukehonda@example.com","03-9996-4097","090-5816-8779","161-4001","東京都目黒区中目黒3-2-6","有限会社山田工務店","5134981749119185","10/28","416333339651"
"松岡 智子","まつおか ともこ",43,"1980年03月21日","女","O","tomokomatsuoka@example.org","06-4871-0215","070-8202-1734","534-2945","大阪府南河内郡河南町大宝2-5-903ルミエール712","ハダ工業有限会社","4071209068705394","07/27","545711555168"
"関根 秀樹","せきね ひでき",77,"1946年09月15日","男","O","hidekisekine@example.net","03-2471-4238","080-8891-4424","175-8678","東京都墨田区立花1-3-903","","4729742909979352","10/25","193957336755"
"板倉 幸子","いたくら さちこ",36,"1987年08月25日","女","A","itakurasachiko@example.ne.jp","0125-03-0003","070-0419-7763","003-4240","北海道札幌市西区二十四軒三条1-5-6デュオヒルズ807","株式会社グローブ","3580633545307522","04/28","763301978417"
"木下 貴文","きのした たかふみ",40,"1983年04月19日","男","A","takafumi_kinoshita@example.jp","0943-15-9995","070-0486-8330","838-5300","福岡県福岡市南区曰佐2-2-19","株式会社プラネット","3539360339264337","06/25","263583566814"
"田中 薫","たなか かおる",79,"1944年09月18日","女","A","tanaka_918@example.ne.jp","06-9163-5709","070-5821-3765","592-4576","大阪府松原市田井城2-1-7","","3585792913270913","10/25","189299465530"
"中島 光","なかじま ひかる",40,"1983年03月27日","男","A","nakajimahikaru@example.net","03-6086-6322","050-2793-1101","133-6708","東京都北区西ケ原1-3-7","昭和産業株式会社","4008841998804737","08/24","760628575627"
"森 さやか","もり さやか",65,"1958年10月15日","女","AB","morisayaka@example.com","06-3967-6385","050-9163-5979","546-6116","大阪府大阪市淀川区木川東1-1-21","","379563791650518","05/27","826656144160"
"広川 龍一","ひろかわ りゅういち",73,"1950年05月14日","男","O","ryuuichihirokawa@example.com","0460-84-6604","080-2896-8767","248-5349","神奈川県川崎市中原区宮内2-3-16","","5398781026567192","01/28","238079595540"
"堀 龍馬","ほり りょうま",75,"1948年08月25日","男","A","hori_825@example.net","0794-87-7323","090-1239-0244","651-8894","兵庫県洲本市本町4-3-9","","5104826377851789","08/27","192952020451"
"並河 明子","なみかわ あきこ",41,"1982年09月04日","女","A","akiko_namikawa@example.ne.jp","06-7590-8979","080-7172-3380","551-0131","大阪府大阪市北区西天満3-1-13","株式会社サンシステム","5157401140079203","09/28","900242451660"
"奥田 剛史","おくだ たけし",71,"1952年11月18日","男","O","takeshiokuda@example.com","0930-96-7325","070-9239-0004","832-3416","福岡県福岡市中央区天神3-5-6","","375811616823495","02/24","766056322720"
"中田 新太郎","なかた しんたろう",74,"1949年03月09日","男","A","nakatashintarou@example.org","0563-26-7733","090-3820-4606","466-5244","愛知県名古屋市西区城西2-5-19","","5172609305194861","02/26","865573767293"
"木村 祐樹","きむら ゆうき",31,"1993年01月10日","男","O","kimurayuuki@example.jp","06-9049-5135","090-1503-3489","560-1563","大阪府大阪市北区西天満3-2-8","合名会社滝野コンスターチ工業所","4236327350946500","02/25","865285971919"
"杉元 陽子","すぎもと ようこ",43,"1980年06月12日","女","A","sugimoto_youko@example.org","0949-91-9917","050-3066-0561","807-9376","福岡県福岡市東区松崎3-2-7","","5394841743047763","11/28","859106459909"
"木下 靖典","きのした やすのり",57,"1966年07月13日","男","A","yasunorikinoshita@example.co.jp","043-673-2068","070-2307-1918","265-8826","千葉県船橋市本町3-1-5","","3573900312047824","09/27","853817388186"
"山下 舞","やました まい",65,"1958年04月18日","女","A","yamashita418@example.jp","0770-82-2752","090-4344-0667","910-9741","福井県福井市大宮1-5-3","","4571484707963226","10/28","388405813520"
"河合 聡","かわい あきら",40,"1983年02月04日","男","A","akira_kawai@example.ne.jp","03-0782-8783","080-7460-9748","200-6220","東京都立川市富士見町4-2-3ビプレイス811","株式会社アイエヌジー","4265302730078658","09/28","101355110177"
"山本 知輝","やまもと ともてる",34,"1989年04月20日","男","B","yamamoto420@example.co.jp","0740-88-6711","080-8865-9009","525-1877","滋賀県大津市浜大津2-4-7","株式会社真栄","3579492151681974","07/26","788225760396"
"池西 敦","いけにし あつし",63,"1960年10月02日","男","B","atsushi_ikenishi@example.ne.jp","043-044-5622","070-2044-3152","272-0364","千葉県千葉市中央区中央2-2-10","","5395791898770397","05/24","974782708427"
"前田 雄介","まえだ ゆうすけ",20,"2003年10月04日","男","A","yuusuke_maeda@example.ne.jp","01377-0-9502","080-6691-1435","053-4345","北海道札幌市北区北二十三条西4-3-5","有限会社オーシャン","5502216238784254","12/25","834876029802"
"藤田 精一","ふじた せいいち",62,"1961年02月18日","男","A","fujitaseiichi@example.jp","03-2714-9131","070-3067-9070","104-9548","東京都世田谷区代沢4-2-9","","372519459157748","07/28","044333307925"
"安達 愛美","あだち めぐみ",53,"1970年03月10日","女","B","adachi_310@example.ne.jp","0494-54-0300","080-3829-1303","363-4071","埼玉県さいたま市桜区西堀3-2-22","アルファ株式会社","3537919215936730","07/25","129900966426"
"山本 政典","やまもと まさのり",56,"1967年11月03日","男","B","masanoriyamamoto@example.jp","03-4950-6023","050-0163-4195","102-3972","東京都港区高輪1-4-20","有限会社トライアングル","4521111096519209","10/28","570686900607"
"高畑 佑介","たかはた ゆうすけ",38,"1985年10月27日","男","AB","takahata_1027@example.org","01648-6-2909","080-4815-7614","000-4985","北海道札幌市中央区北四条西3-3-3","仕黒運輸有限会社","5140009996721511","05/25","910281785636"
"石川 慶子","いしかわ けいこ",20,"2003年04月08日","女","A","ishikawakeiko@example.net","0460-62-7941","050-0195-7730","251-6573","神奈川県横浜市鶴見区向井町4-3-9","合資会社古田土商店","5481040672066076","05/24","825203202899"
"高橋 直哉","たかはし なおや",47,"1976年09月03日","男","O","takahashi93@example.com","03-7498-5051","080-1395-6906","154-2690","東京都新宿区高田馬場4-2-6","三重木材合資会社","375514233428058","02/26","721005894769"
"井上 宏之","いのうえ ひろゆき",75,"1948年06月22日","男","A","inoue_622@example.com","03-7909-0866","080-1397-5970","202-0694","東京都渋谷区恵比寿3-4-10","","378584956349473","02/26","832726341406"
"三木 慶治","みき けいじ",27,"1996年07月28日","その他・不明","O","miki_keiji@example.ne.jp","0494-27-7537","090-8825-1000","344-0496","埼玉県さいたま市北区大成町3-3-17","","5502215037399223","01/26","029050876126"
"森 香織","もり かおり",72,"1951年05月30日","女","O","mori_kaori@example.org","045-379-1733","070-1217-8113","229-5539","神奈川県茅ヶ崎市浜竹2-2-606","","3563137439445530","05/24","330505933796"
"坂部 敏治","さかべ としはる",55,"1968年11月30日","男","A","toshiharusakabe@example.co.jp","04-6346-4308","080-1692-5743","358-2657","埼玉県川口市弥平4-3-6フローラ713","有限会社キャロット","370553866127871","02/28","327778843560"
"藤井 由佳","ふじい ゆか",34,"1989年08月26日","女","A","yuka_fujii@example.co.jp","0879-11-5280","070-1353-3568","763-5010","香川県高松市福岡町2-5-10","合名会社エクセレントサービス","3544081753508016","04/28","517786874990"
"有馬 恭平","ありま きょうへい",70,"1953年10月07日","男","A","arimakyouhei@example.ne.jp","03-5348-9848","080-6065-0735","190-4717","東京都江戸川区南葛西1-5-1103","","4584846253978912","02/27","267444025626"
"今野 雅司","こんの まさし",74,"1949年10月01日","男","B","konno101@example.jp","03-5661-4335","070-1520-1093","165-9408","東京都中野区東中野4-1-10","","4069618844685676","01/26","426945186957"
"坂本 貴裕","さかもと たかひろ",50,"1973年06月22日","男","O","takahirosakamoto@example.org","026-102-5567","080-4258-3098","390-6268","長野県長野市安茂里小市1-3-208ライフフィールド215","合同会社ＰｒｏｊｅｃｔＬＩＦＥ","378854170390912","12/26","549010992372"
"福澤 敏裕","ふくざわ としひろ",38,"1985年03月08日","男","A","fukuzawa_38@example.co.jp","09496-3-1019","090-5012-5150","808-6204","福岡県福岡市東区馬出3-3-5","","3556266040646621","12/26","178538334115"
"濱村 哲也","はまむら てつや",28,"1995年08月21日","男","A","hamamuratetsuya@example.jp","03-6052-8027","080-2177-1957","186-1873","東京都世田谷区上馬2-5-20","有限会社小松屋","3564287971679605","01/29","799922098547"
"天羽 康之","あもう やすゆき",61,"1962年03月25日","男","O","amou_yasuyuki@example.com","03-6345-4068","070-5051-8057","100-2595","東京都新宿区高田馬場1-2-7","","3584883696286589","01/29","917538547124"
"小出 理香","こいで りか",28,"1995年03月06日","女","A","koide36@example.jp","06-7778-1192","080-8318-5665","591-9084","大阪府大阪市阿倍野区文の里3-4-20","合名会社村井呉服店","377749392327091","06/26","447804405920"
"堀 亮佑","ほり りょうすけ",68,"1955年02月12日","男","A","ryousukehori@example.jp","06-1637-5053","080-9391-3866","575-8928","大阪府大阪市西区南堀江2-5-12","","374344622986636","06/24","247442411420"
"三浦 葉月","みうら はづき",55,"1968年02月28日","女","O","miura228@example.net","03-9563-0845","080-0657-7532","199-0572","東京都中央区銀座1-5-409","合資会社堀松商店","3575136809988984","11/28","943051296640"
"小松崎 健治","こまつざき けんじ",23,"2000年12月31日","男","A","kenjikomatsuzaki@example.org","0125-98-6362","080-7679-0639","094-3049","北海道札幌市中央区南十五条西4-3-6","株式会社ウイル","3557398104662712","02/27","970091408685"
"上原 陽子","うえはら ようこ",54,"1969年07月17日","女","O","youkouehara@example.net","0586-68-2861","050-9903-9855","474-0892","愛知県豊橋市西小鷹野2-3-3サンクタス413","株式会社サンロード","4672561487024978","04/27","147366404407"
"内田 美智代","うちだ みちよ",54,"1969年11月14日","女","B","uchida_1114@example.org","03-8194-7793","050-9827-8818","119-4934","東京都港区六本木4-3-3","合資会社軽部瓦店","5358496328528143","10/26","165220341002"
"松岡 智子","まつおか ともこ",66,"1957年08月14日","女","O","tomokomatsuoka@example.net","0226-90-3306","080-8628-4617","984-9899","宮城県仙台市青葉区一番町3-3-16","","3585824980787139","05/24","490253745310"
"岩佐 隆","いわさ たかし",35,"1988年02月09日","男","AB","takashi_iwasa@example.net","0794-42-1259","090-3579-0146","657-1810","兵庫県神戸市灘区城内通2-2-17","","5462980908005971","08/26","233264134417"
"近藤 順","こんどう じゅん",69,"1954年07月15日","男","B","kondou715@example.com","0493-27-0295","050-5323-8852","358-9437","埼玉県越谷市南越谷2-3-3","","3556984398791308","05/28","575684252111"
"中村 夏","なかむら なつ",60,"1963年08月26日","男","O","nakamura_natsu@example.ne.jp","03-4370-9217","070-6090-4584","150-3965","東京都杉並区浜田山3-1-6","有限会社佐々木商事","4302682517189470","06/24","370628225909"
"金子 真一","かねこ しんいち",36,"1987年03月30日","男","A","kanekoshinichi@example.jp","03-7267-2489","080-8176-4329","191-8949","東京都荒川区荒川3-5-1101","有限会社司商事","373199294140008","04/24","336550414994"
"桜木 純一郎","さくらぎ じゅんいちろう",24,"2000年01月04日","男","A","sakuragi_14@example.org","03-9111-1373","050-8100-5095","136-3582","東京都練馬区早宮2-3-902","有限会社長谷川商事","375172622060519","10/28","224999449218"
"鈴木 剛志","すずき つよし",78,"1945年11月10日","男","AB","suzuki_tsuyoshi@example.org","09496-8-6559","070-2594-8161","836-9631","福岡県福岡市西区小戸1-1-10","","5355273407901498","10/25","891593166734"
"趙 真由子","ちょう まゆこ",47,"1976年07月31日","女","A","cho_mayuko@example.org","03-6902-0524","080-1844-7431","202-8111","東京都豊島区東池袋3-2-6","有限会社ハセガワ","379679513140040","11/27","230987459137"
"原田 由美","はらだ ゆみ",43,"1980年03月29日","女","O","harada329@example.net","0930-96-2244","070-6816-4409","809-6075","福岡県春日市若葉台西3-2-503","合名会社巴屋商店","377877114253780","06/28","983540415378"
"永井 詠子","ながい えいこ",58,"1965年08月12日","女","O","nagai_eiko@example.co.jp","03-8899-3705","050-7206-2794","106-2657","東京都渋谷区神宮前2-4-7","株式会社プレスト","5328509613853484","03/28","374335705596"
"中嶋 奈都子","なかじま なつこ",24,"1999年05月10日","女","B","nakajima_natsuko@example.org","0833-83-5239","050-1299-7768","753-6505","山口県岩国市室の木町2-2-10","株式会社日興","4872788151838148","09/28","248707885949"
"横田 友香","よこた ゆか",50,"1973年06月18日","その他・不明","B","yukayokota@example.net","06-1374-9906","050-4454-1232","573-4242","大阪府守口市菊水通1-2-8","合同会社ｉＣｏｎ","3579090534119157","12/27","524713421382"
"村田 千佳","むらた ちか",69,"1954年07月23日","女","A","chika_murata@example.jp","03-0026-4338","090-5887-5066","149-6565","東京都三鷹市井の頭1-3-9","","377100148297511","08/25","442385737648"
"中西 誠","なかにし まこと",39,"1984年01月24日","男","A","nakanishi_124@example.co.jp","06-4763-3392","070-4777-7637","532-7500","大阪府守口市菊水通1-2-8","株式会社ベストワン","3563312880693637","09/24","751109003609"
"鴨田 悦美","かもだ えつみ",59,"1964年08月08日","女","B","etsumi_kamoda@example.org","0779-39-2827","090-5957-0880","911-8759","福井県鯖江市水落町1-3-3","合名会社フィールドプロファー","378204091682098","12/27","671514238377"
"牧野 ちひろ","まきの ちひろ",44,"1979年02月14日","女","B","makinochihiro@example.org","03-4020-4220","080-2073-1414","152-1156","東京都東久留米市幸町2-1-9","","3583619402048843","02/24","311198643012"
"渡部 千恵美","わたなべ ちえみ",24,"1999年08月03日","女","O","watanabechiemi@example.com","06-7982-8582","080-7658-6874","561-7809","大阪府大阪市中央区高麗橋1-4-18","有限会社扇屋","3574118585306236","01/25","966033049490"
"岡本 直史","おかもと なおふみ",43,"1980年12月16日","男","B","okamoto1216@example.com","0948-13-1334","080-6596-0536","834-2232","福岡県福岡市中央区天神1-2-15","株式会社LIFE","4295730881979445","12/24","815790574838"
"後藤 庸介","ごとう ようすけ",51,"1972年05月09日","男","A","yousuke_goto@example.jp","044-781-6885","070-1373-3912","244-9845","神奈川県横浜市中区伊勢佐木町2-4-6","株式会社アレックス","3556745467329944","02/27","381404467097"
"渡邊 さや香","わたなべ さやか",65,"1958年03月31日","女","O","watanabe_331@example.org","06-2483-6180","080-9948-8195","572-5278","大阪府吹田市岸部北3-5-1002ジ・アーバネックス516","","379737758274450","07/28","949801162533"
"中尾 英樹","なかお ひでき",71,"1952年10月16日","男","O","nakaohideki@example.ne.jp","06-3839-7650","090-1637-8122","559-4375","大阪府大阪市平野区平野東4-1-4","","5215329314288211","05/28","025208426047"
"村田 正美","むらた まさみ",49,"1974年12月01日","男","B","muratamasami@example.net","03-6163-3465","070-6799-1307","115-8950","東京都葛飾区東新小岩3-4-705","","372822230143288","01/27","656259133036"
"若尾 真希","わかお まき",35,"1989年01月15日","女","A","wakaomaki@example.ne.jp","04-0946-1843","080-5424-9485","358-3446","埼玉県越谷市千間台東1-3-10","合同会社歩建設","3586884140977946","06/28","509703253423"
"小川 裕二郎","おがわ ゆうじろう",31,"1992年10月24日","男","AB","ogawa1024@example.ne.jp","049-870-7284","080-1802-4113","345-0247","埼玉県富士見市ふじみ野西1-1-802","株式会社中川","4588505692488448","06/26","169144488347"
"宮澤 雅樹","みやざわ まさき",24,"1999年07月14日","男","A","miyazawa_714@example.com","0948-53-5502","050-9873-3092","806-8790","福岡県福岡市南区長住4-1-5","有限会社三協","4822442224331266","08/25","450169760948"
"村井 智子","むらい ともこ",25,"1998年06月05日","女","B","tomoko_murai@example.ne.jp","0562-78-5422","070-3767-3023","484-2257","愛知県小牧市中央2-5-22","株式会社サンライズ","3569895578637779","09/26","812490302748"
"鈴木 彩華","すずき あやか",55,"1968年05月06日","女","B","suzuki56@example.jp","06-5456-9470","080-8319-6646","560-0321","大阪府大阪市旭区新森2-4-5","","3568142377176803","08/25","262711866595"
"松井 俊治","まつい しゅんじ",51,"1972年01月27日","男","B","matsuishunji@example.org","03-4772-9573","050-4187-3184","187-9408","東京都調布市深大寺元町2-5-506","坂井林業合名会社","5153466013827750","08/25","753657526302"
"鈴木 哲也","すずき てつや",21,"2002年10月03日","男","A","suzuki103@example.net","03-8754-3759","090-7185-7667","136-0494","東京都中央区銀座3-5-17サンフォーレ605","東洋産業株式会社","3564514956899993","04/25","940386217478"
"田中 幸平","たなか こうへい",42,"1981年04月08日","男","O","tanaka48@example.com","0136-68-3434","090-1101-6428","005-5577","北海道苫小牧市東開町2-2-4","有限会社エイト","4868474005103957","11/28","194896099468"
"松平 稔","まつだいら みのる",41,"1982年12月15日","男","A","matsudaira_1215@example.co.jp","06-1283-5781","070-6733-0147","586-1403","大阪府大阪市東住吉区南田辺2-4-202","比曽河内木材合名会社","4233030694966167","04/24","322334622255"
"中田 弘明","なかた ひろあき",40,"1983年03月03日","男","A","nakata33@example.jp","0258-41-2792","080-2231-8077","955-9687","新潟県新潟市中央区沼垂東1-2-4","株式会社ハーベスト","379289349831190","08/26","466212563292"
"五十嵐 彰","いがらし あきら",21,"2002年06月10日","男","A","igarashi_610@example.com","03-9371-0660","090-0744-3202","163-7014","東京都稲城市向陽台1-3-9","株式会社アステック","4027780843746809","02/27","387649113469"
"藤井 千尋","ふじい ちひろ",41,"1982年05月07日","男","A","chihiro_fujii@example.jp","06-7061-6588","090-0342-9888","565-7055","大阪府東大阪市西岩田3-2-6","株式会社ショウエイ","5115257689550116","07/28","512386120880"
"大内 克己","おおうち かつみ",38,"1985年12月11日","その他・不明","B","ouchikatsumi@example.jp","06-0569-0727","070-1282-7460","565-9223","大阪府大阪市東成区中道2-3-10","","5185930259449803","07/26","634666124234"
"大城 考史","おおしろ たかふみ",22,"2001年12月01日","男","O","oshiro_121@example.com","0768-13-7514","080-5692-9970","928-5930","石川県金沢市八日市2-5-19","合名会社北岩商店","3545240525040091","11/28","664378962612"
"緒方 賢一","おがた けんいち",39,"1984年10月16日","男","B","ogata_kenichi@example.co.jp","03-0381-4752","050-1134-5223","169-0874","東京都墨田区東駒形1-3-9クレアガーデン214","合同会社タスクプラス","5223878474343927","05/26","799884704446"
"関原 めぐみ","せきはら めぐみ",33,"1990年09月13日","女","A","sekihara913@example.org","03-1925-0142","050-6230-7299","112-3708","東京都墨田区向島4-3-8レアルグランデ712","合資会社寳島商店","4274762624866188","08/28","485080232717"
"宮良 朋宏","みやら ともひろ",39,"1984年04月09日","男","B","tomohiromiyara@example.net","03-1372-1341","080-9783-2426","121-8378","東京都港区芝浦1-4-12","株式会社マーベラス","5147867352416254","06/26","589754139041"
"平山 一夫","ひらやま かずお",21,"2003年01月17日","男","A","hirayama_117@example.com","0569-83-4760","070-8828-6650","472-7477","愛知県豊川市千歳通1-3-8","有限会社林工業","3539819070698037","11/24","391084034699"
"河 悦夫","かわ えつお",51,"1972年05月28日","男","AB","kawaetsuo@example.org","03-0569-9467","080-1452-4581","181-2199","東京都狛江市東和泉2-2-18","","4630035941830446","09/27","774466059000"
"松本 龍","まつもと りゅう",70,"1953年04月01日","男","A","matsumotoryuu@example.co.jp","0145-69-4623","080-6655-5167","095-2109","北海道札幌市中央区南五条西1-1-7","","5181746658584121","06/26","260050215581"
"近藤 将平","こんどう しょうへい",38,"1985年04月25日","男","B","kondoushouhei@example.com","03-8261-9699","090-3478-0727","187-5696","東京都新宿区新宿1-2-6アドリーム201","有限会社カワムラ","5521729405874531","04/25","822614957204"
"西村 純一","にしむら じゅんいち",55,"1968年12月27日","男","B","nishimura_1227@example.co.jp","0533-44-8797","090-8959-7701","455-1898","愛知県名古屋市中区金山1-1-8","株式会社丸正","4763903290930514","03/28","333504881090"
"三林 昭","みつばやし あきら",24,"1999年03月18日","男","O","akiramitsubayashi@example.ne.jp","03-4609-5756","070-3879-2199","150-3715","東京都新宿区新宿1-4-11","水谷木材合資会社","3570233631795011","06/26","093625055740"
"伊波 雪絵","いは ゆきえ",50,"1973年04月30日","その他・不明","O","yukieiha@example.net","03-3628-4861","090-8616-7577","152-8855","東京都立川市柴崎町3-2-4オーガスタコート507","株式会社ジュピター","3568938020151311","06/24","726780498278"
"村上 あずみ","むらかみ あずみ",56,"1967年09月03日","女","O","azumimurakami@example.com","046-685-3206","050-6809-8651","258-7970","神奈川県平塚市西真土3-1-106","合同会社石井商事","5428718922587803","09/25","523219368200"
"田中 さおり","たなか さおり",23,"2001年01月20日","その他・不明","O","tanaka_120@example.net","03-3521-1157","050-3849-4934","198-6144","東京都世田谷区南烏山4-3-9フルーレ303","","5448487413891282","07/25","720085082429"
"藤野 雄一","ふじの ゆういち",34,"1989年04月22日","男","B","fujinoyuuichi@example.jp","0287-41-0681","090-3881-2860","327-6509","栃木県宇都宮市清原台3-1-20","株式会社中商","373714203205336","06/26","647285564224"
"笹森 宏二","ささもり こうじ",36,"1987年02月04日","男","A","sasamorikoji@example.jp","0948-78-7999","050-9738-7860","835-7513","福岡県福岡市南区桧原1-1-9ダイヤハイツ308","有限会社佐々木商店","4665311827759795","05/26","352038815702"
"川波 紀子","かわなみ のりこ",39,"1984年05月04日","女","B","norikokawanami@example.co.jp","0288-51-3054","050-5264-9075","327-0428","栃木県下都賀郡壬生町幸町2-3-3","","371356926141604","10/27","558222199680"
"千石 寛","せんごく ひろし",65,"1958年11月16日","男","AB","hiroshisengoku@example.com","03-1385-8482","070-0448-1478","181-1601","東京都墨田区錦糸3-2-10","","5340002399593510","05/25","992203952565"
"柴山 智彰","しばやま としあき",69,"1954年10月21日","男","AB","toshiakishibayama@example.org","03-5812-2107","090-6183-2576","191-2721","東京都千代田区九段南1-1-10","","3559459809869248","05/25","911932442585"
"渡辺 圭介","わたなべ けいすけ",57,"1967年01月14日","男","A","keisukewatanabe@example.co.jp","0943-18-6228","090-0444-1674","804-6739","福岡県福岡市東区千早1-2-909","","5484787441167364","06/28","408847283571"
"谷 公章","たに きみあき",41,"1982年03月24日","男","B","tani324@example.co.jp","06-2629-7776","050-4728-0234","566-3709","大阪府東大阪市東鴻池町3-2-9コスモ506","合資会社堀松商店","5343442309488202","07/28","405755823899"
"左 洋司","ひだり ひろし",41,"1982年09月21日","男","O","hidari_921@example.org","03-7082-2045","070-2505-1129","126-8360","東京都大田区蒲田3-5-13","合名会社おかめや商店","375182944027617","09/28","956490921083"
"池田 章裕","いけだ あきひろ",80,"1943年05月27日","男","A","akihiroikeda@example.org","03-9795-6918","050-3136-9122","105-0304","東京都青梅市河辺町1-1-3","","4084542047872033","10/27","451153808165"
"高田 綾美","たかだ あやみ",47,"1976年09月10日","女","O","ayami_takada@example.net","03-6599-5686","090-3693-0577","158-3790","東京都府中市四谷2-1-9サニーフラット712","有限会社エム・アンド・エム","375059205500401","06/24","600779363179"
"中谷 佑樹","なかたに ゆうき",46,"1978年01月06日","男","A","nakatani16@example.org","03-6338-1569","090-0256-9067","138-1587","東京都墨田区緑3-4-508グレーシアス114","有限会社キング","4434258744235401","02/27","490603553133"
"小沢 勝文","おざわ かつふみ",36,"1987年05月10日","男","A","ozawa_510@example.ne.jp","03-4924-9142","090-2360-9291","196-8927","東京都町田市原町田1-5-15グランノア614","株式会社PLUS","3536718789702564","04/25","026346410298"
"渡辺 かなえ","わたなべ かなえ",39,"1984年07月07日","女","B","kanaewatanabe@example.com","027-397-3903","090-2840-7932","375-4592","群馬県前橋市南町2-1-6エルズ815","株式会社フジワラ","3589019095816065","04/28","989754599989"
"菊地 美央","きくち みお",39,"1985年01月10日","女","O","kikuchi_110@example.org","03-0245-8085","090-0000-6339","119-1974","東京都港区芝浦1-2-16","有限会社サカエ","3588192975659581","02/24","305443026369"
"渡邊 正樹","わたなべ まさき",35,"1988年04月03日","男","B","watanabe43@example.org","03-9835-0617","080-5711-6244","202-8397","東京都世田谷区上祖師谷3-1-4","","377308511670830","03/24","288309646839"
"今井 裕二","いまい ゆうじ",29,"1994年10月10日","男","AB","imai_1010@example.ne.jp","03-6713-9567","050-9136-8035","191-2786","東京都品川区小山3-2-7","有限会社大光","5112017745433696","02/24","365955001867"
"川村 紀夫","かわむら のりお",40,"1983年03月29日","男","AB","noriokawamura@example.jp","0889-11-7247","080-9185-5521","781-3188","高知県高知市葛島1-1-6","有限会社鈴木工業","3562639543738792","05/28","370633569110"
"辻 ケン","つじ けん",29,"1994年10月17日","男","A","ken_tsuji@example.com","052-982-0406","070-4347-5276","498-5226","愛知県名古屋市緑区鳴子町3-5-1208","有限会社山田工業","4427651419526261","06/28","582344965497"
"橋本 千晶","はしもと ちあき",70,"1953年12月18日","女","O","hashimotochiaki@example.net","0467-19-1010","080-6689-1344","247-0486","神奈川県横浜市神奈川区西寺尾1-5-1009ザ・ステイツ408","","3531332064268591","01/25","746165677830"
"原口 香織","はらぐち かおり",24,"1999年08月15日","女","A","haraguchikaori@example.ne.jp","03-9376-8775","070-0259-4283","200-3461","東京都港区芝1-2-3","株式会社プロスパー","5539573695108915","11/28","173933477934"
"安井 一弘","やすい かずひろ",29,"1994年11月14日","男","B","yasui_kazuhiro@example.net","0577-70-5990","090-8782-4669","508-2277","岐阜県岐阜市柳津町丸野1-2-7","合資会社ベストライフ","4317718917287176","08/28","373208532945"
"佐々木 浩","ささき ひろし",71,"1952年07月09日","男","A","sasakihiroshi@example.ne.jp","0179-82-2986","070-8113-1822","034-6975","青森県弘前市大字小比内2-2-18","","5299519234129755","06/25","132643370690"
"太田 義典","おおた よしのり",38,"1985年09月29日","男","A","ota_929@example.jp","01587-2-7625","080-2912-5068","000-4674","北海道夕張市本町1-1-7","有限会社山本製作所","3528160869116367","09/27","071743008930"
"金子 あきこ","かねこ あきこ",47,"1976年07月17日","女","A","akiko_kaneko@example.ne.jp","03-2632-1217","050-1622-9696","204-7262","東京都港区六本木4-1-7ランフォルセ214","合資会社オフィスメイプル","379908250307714","01/28","960292084068"
"前原 邦治","まえはら くにはる",38,"1986年01月03日","男","A","maehara_13@example.org","03-8011-6051","090-4160-3551","120-7699","東京都世田谷区船橋2-3-6","合名会社川西商店","3574909515204214","01/27","472567750603"
"豊田 真紀","とよだ まき",45,"1978年11月15日","女","A","maki_toyoda@example.org","042-571-3142","070-4542-1756","339-8978","埼玉県戸田市上戸田4-1-5ラフォーレ409","合名会社恵洋木材","375361727248208","12/28","652400598824"
"佐藤 靖子","さとう やすこ",42,"1981年08月08日","女","A","yasuko_sato@example.ne.jp","0562-25-7419","080-0996-1164","461-9827","愛知県豊川市中央通1-5-17","株式会社昴","3547394757782777","06/26","279955418810"
"吉野 克俊","よしの かつとし",62,"1961年10月15日","男","O","yoshino_katsutoshi@example.org","03-3843-9739","050-6561-8650","202-5768","東京都世田谷区世田谷1-3-9","","373557368742092","07/28","781153048799"
"永井 慎一郎","ながい しんいちろう",40,"1983年08月02日","男","A","nagai82@example.jp","03-3485-0780","050-3269-5255","185-2456","東京都練馬区早宮3-1-9","有限会社ヤマシタ","4225835182561035","06/25","763962890842"
"久保 みわ","くぼ みわ",69,"1954年10月08日","女","O","kubo_miwa@example.org","06-7010-2522","090-9849-2066","539-9442","大阪府大阪市北区西天満1-1-9","","5450789870583467","07/24","743153721176"
"谷口 和彦","たにぐち かずひこ",20,"2003年10月04日","男","B","kazuhikotaniguchi@example.org","06-5749-3038","090-6068-6594","582-9546","大阪府大阪市港区弁天4-1-8グランパラッシオ502","合資会社海野材木店","373329267700146","11/28","146134366170"
"堀川 貴志","ほりかわ たかし",33,"1990年12月01日","男","AB","horikawa_121@example.jp","0847-24-0609","090-3194-6415","728-4094","広島県広島市西区己斐上4-1-3","株式会社大河","4418973345165886","10/26","278792425087"
"吉川 浩和","よしかわ ひろかず",49,"1974年12月27日","男","O","yoshikawa1227@example.co.jp","0569-72-1535","090-2283-4274","462-5218","愛知県名古屋市千種区東山元町2-1-8","株式会社フレスコ","3578002577209713","05/25","475421685647"
"島田 隆二","しまだ りゅうじ",22,"2001年03月08日","男","O","shimada_38@example.com","0135-38-9386","080-7411-4381","096-6321","北海道札幌市北区北十二条西2-4-11","株式会社エコー","4328973954046228","04/27","982163313267"
"松尾 勇一","まつお ゆういち",60,"1963年10月02日","男","B","matsuo102@example.ne.jp","044-436-5141","080-0687-6058","225-7775","神奈川県横浜市旭区笹野台1-1-17","株式会社ロイヤル","372476993908377","11/26","324863363160"
"久保 佐代子","くぼ さよこ",62,"1961年10月18日","女","B","kubo_sayoko@example.com","03-6563-8108","080-6963-8351","143-1902","東京都港区港南1-2-5","","4570458681689826","12/25","750694946118"
"吉田 功","よしだ いさお",78,"1945年07月17日","男","B","yoshida717@example.jp","0834-92-8152","070-3406-0057","754-8760","山口県光市光井3-2-3","","3533386783645214","05/28","550575558364"
"今岡 誠志","いまおか せいじ",21,"2002年05月18日","男","A","seiji_imaoka@example.org","03-6452-9505","070-3240-0086","164-9499","東京都港区六本木2-1-8","有限会社山崎工業","5165589783097480","01/29","739810792537"
"森田 優","もりた ゆう",34,"1989年12月30日","男","A","moritayuu@example.jp","03-0658-7541","080-9869-3371","106-7895","東京都小平市天神町3-1-1009アーバンコンフォート601","","3567523786900472","12/24","814278551536"
"山本 彩華","やまもと あやか",21,"2002年02月02日","女","A","ayakayamamoto@example.jp","01558-0-4828","070-1783-4313","090-8918","北海道亀田郡七飯町本町4-2-9","株式会社NINE","378671715182442","08/26","509038241605"
"玉田 博","たまだ ひろし",40,"1983年03月10日","男","B","hiroshi_tamada@example.org","0294-78-9073","050-0667-1506","309-4239","茨城県つくば市松代2-3-9ネオステージ216","株式会社エムテック","3582736168980570","03/26","785817650772"
"永田 明伸","ながた あきのぶ",54,"1969年12月26日","男","B","nagata_1226@example.net","03-2035-3803","080-1883-5549","153-3117","東京都新宿区新宿2-4-5","","5180823807145269","05/24","287661394681"
"森本 和明","もりもと かずあき",22,"2001年03月28日","男","A","morimoto_kazuaki@example.ne.jp","03-8904-4632","090-5166-1296","181-0774","東京都江戸川区船堀3-3-11ハイデンス201","有限会社リンクス","376266052176115","12/24","681702402767"
"荒瀬 晃久","あらせ あきひさ",79,"1944年02月05日","男","B","akihisaarase@example.ne.jp","03-3453-5353","050-7550-2560","164-6440","東京都港区南麻布2-3-10","","5313538821413036","02/24","711315537014"
"平塚 学","ひらつか まなぶ",22,"2001年02月05日","男","O","hiratsuka_25@example.org","0768-69-3716","050-3617-1826","920-3231","石川県金沢市有松2-2-9","合資会社奥田屋商店","377388843195912","11/24","414755569053"
"田中 大輔","たなか だいすけ",49,"1974年06月15日","男","A","daisuke_tanaka@example.net","03-9285-4614","070-4841-6548","177-6614","東京都北区赤羽西1-4-14","株式会社アスリート","3575212579588252","03/26","772768904912"
"本田 拓馬","ほんだ たくま",21,"2002年09月07日","男","A","honda_takuma@example.ne.jp","03-8063-4016","080-0782-0503","115-0865","東京都墨田区太平2-2-17レ・ジェイド615","合名会社桑山運送店","370725582946483","04/24","452599100774"
"杉澤 佑","すぎさわ ゆう",71,"1952年12月12日","男","A","sugisawa1212@example.org","03-5609-2834","050-6514-3864","163-4660","東京都町田市原町田3-2-4","","370355185448586","11/24","131675662743"
"戸田 輝彦","とだ てるひこ",25,"1998年04月08日","男","B","toda_48@example.com","03-2852-9512","080-8904-9371","189-1135","東京都文京区小石川1-3-9","有限会社アネスト","378484047956180","05/24","756882576792"
"津村 麻里","つむら まり",49,"1974年10月30日","女","O","tsumura_1030@example.jp","03-8663-1014","080-4566-9761","142-8393","東京都江戸川区瑞江2-3-4","合名会社大東製材所","4119568349256947","07/25","926652417647"
"高井 恵実","たかい めぐみ",24,"1999年03月09日","女","O","takaimegumi@example.org","06-1624-4599","050-2024-9957","574-1137","大阪府大阪市東住吉区駒川3-2-6","合同会社岡本製作所","370413807710303","02/24","637108216288"
"村澤 敏明","むらさわ としあき",28,"1996年01月16日","男","B","toshiaki_murasawa@example.jp","046-157-8455","090-7115-9613","246-3721","神奈川県相模原市南区相模台2-1-17","","3587995826220168","02/26","186170406083"
"葛原 康介","くずはら やすゆき",52,"1971年07月06日","男","O","yasuyukikuzuhara@example.ne.jp","0226-07-4427","050-7910-2515","983-5522","宮城県仙台市若林区新寺2-1-7","飯島景観工業有限会社","5398559448213748","06/25","245818776961"
"芦原 美和","あしはら みわ",51,"1972年04月07日","女","O","ashihara47@example.co.jp","03-2988-7006","050-5497-4984","191-9022","東京都港区虎ノ門3-5-608","有限会社アイル","4373890228875261","07/27","438006865831"
"力石 純","りきいし あや",62,"1961年11月13日","男","B","ayarikiishi@example.com","0288-27-6138","090-8300-7693","325-3284","栃木県小山市西城南1-1-20アーバンコンフォート710","","5456915176442637","04/25","343050986726"
"佐々木 俊樹","ささき としき",46,"1977年01月28日","男","A","toshikisasaki@example.ne.jp","0463-53-6756","080-8443-8077","243-2593","神奈川県川崎市宮前区東有馬3-3-12","株式会社SIN","374483854583461","02/28","661874794020"
"中島 周平","なかじま しゅうへい",44,"1979年07月27日","その他・不明","O","nakajima_727@example.com","0495-74-4443","050-4868-6734","368-3319","埼玉県八潮市八潮1-1-16サニーフラット113","有限会社アルファ","4592447019498004","01/25","985798142336"
"後藤 浩彰","ごとう ひろあき",52,"1971年11月14日","男","AB","goto_1114@example.org","03-1432-4552","090-3674-5491","146-1395","東京都千代田区麹町3-5-109","株式会社翔","5460171787289439","07/27","200429271419"
"井上 哲也","いのうえ てつや",62,"1961年09月25日","男","A","tetsuya_inoue@example.com","03-9951-6485","070-2025-9375","146-7874","東京都港区西麻布1-4-13","","376532792348177","02/26","991238898753"
"谷本 泰裕","たにもと やすひろ",36,"1987年10月24日","男","A","tanimotoyasuhiro@example.org","0983-63-0884","080-4423-5532","886-8600","宮崎県延岡市大貫町1-1-5","株式会社TKC","4390572167155959","07/27","977414944640"
"成毛 愼","なるけ まこと",20,"2004年01月12日","その他・不明","AB","makoto_naruke@example.co.jp","0965-74-5713","070-6177-7701","860-2997","熊本県菊池郡菊陽町光の森3-5-707シーアイハイツ807","株式会社たくみ","5517482847601189","02/25","331420881386"
"松田 幸恵","まつだ ゆきえ",26,"1997年09月23日","女","A","matsuda_923@example.net","03-6605-2987","050-0423-2038","126-5977","東京都練馬区氷川台3-4-401","株式会社ING","4598608477890891","09/25","979750466938"
"米田 信一","よねだ しんいち",64,"1959年05月03日","男","A","shinichiyoneda@example.net","06-8245-5882","080-4728-2658","586-6577","大阪府大阪市北区西天満2-1-18","","5430191011725823","01/27","342721828423"
"中村 晃輔","なかむら こうすけ",51,"1972年06月05日","男","A","kosukenakamura@example.org","03-0085-2764","090-3470-2289","113-4249","東京都三鷹市大沢3-1-9","有限会社高橋工務店","5505695449027347","04/26","157669519288"
"三好 孝","みよし たかし",32,"1991年07月27日","男","AB","takashi_miyoshi@example.ne.jp","0247-63-7572","080-2571-4047","966-5652","福島県郡山市熱海町熱海4-3-7","合名会社花岩本店","3538777593993270","11/24","957963848350"
"多田 佳恵","ただ よしえ",50,"1973年09月15日","女","O","yoshietada@example.com","03-2209-8804","050-3106-9598","140-7231","東京都足立区足立4-1-3","有限会社サンライフ","370514031044813","10/28","547084157936"
"白澤 翠","しらさわ みどり",75,"1948年02月21日","女","A","midori_shirasawa@example.co.jp","03-9627-4191","050-9435-3017","110-9512","東京都渋谷区神宮前1-1-305グランドマンション708","","374270080422352","12/27","201829220984"
"中井 綾子","なかい あやこ",60,"1963年02月26日","女","O","nakai_ayako@example.ne.jp","0799-67-8180","090-1106-1331","657-7262","兵庫県尼崎市杭瀬北新町1-3-7","株式会社ワイテック","379667177668406","01/29","623338118160"
"高橋 武","たかはし たける",49,"1974年06月12日","男","A","takeru_takahashi@example.org","03-2694-2455","070-9381-2750","115-9109","東京都台東区谷中1-4-20","株式会社AMS","371185162282008","08/27","643829726880"
"藤原 省吾","ふじわら しょうご",41,"1982年09月21日","男","A","fujiwarashougo@example.jp","03-2218-8200","090-4844-3427","133-7036","東京都新宿区下落合3-1-8パレステージ404","第一建設株式会社","3566007010088842","03/25","706456395260"
"中村 貴史","なかむら たかし",24,"1999年04月23日","男","A","takashinakamura@example.org","0465-10-6201","080-4600-2427","259-7238","神奈川県藤沢市鵠沼神明1-2-108プチ213","合同会社カドヤ・モーター","5426960508161809","08/24","279263944610"
"齋藤 政昭","さいとう まさあき",50,"1973年10月12日","男","AB","saito1012@example.com","0833-28-1108","080-0027-6735","746-6796","山口県下関市竹崎町3-4-11","ネクスト株式会社","3570545356629608","04/26","675001661644"
"末松 達也","すえまつ たつや",80,"1943年03月04日","男","O","tatsuya_suematsu@example.com","0145-17-5908","050-8228-3148","046-2747","北海道釧路郡釧路町光和2-2-8","","370754054791029","05/25","926693409870"
"米田 学","よねだ まなぶ",36,"1988年01月06日","男","A","yoneda_16@example.com","0943-38-2352","050-5927-2655","838-0746","福岡県北九州市小倉北区上到津1-3-9","有限会社小川工務店","370102737597571","11/24","324285772281"
"嶋田 宏","しまだ ひろし",53,"1970年05月04日","男","A","shimadahiroshi@example.ne.jp","03-0367-1602","080-7747-6935","158-4515","東京都武蔵野市吉祥寺東町1-3-108","合資会社綿引製作所","3532276792944339","05/28","333358315223"
"今井 智之","いまい ともゆき",55,"1968年03月21日","男","AB","imai_tomoyuki@example.com","0476-37-8336","050-8194-5575","276-2443","千葉県船橋市本町3-1-1106","合同会社ラポ","5569031974014174","02/25","180888912892"
"増澤 佳子","ますざわ よしこ",44,"1979年12月27日","女","B","masuzawayoshiko@example.org","06-7319-3036","070-4024-1284","554-2938","大阪府大阪市東住吉区南田辺1-4-809","株式会社エイブル","375292699858726","12/27","220644682633"
"児玉 麻子","こだま あさこ",50,"1973年12月17日","男","O","asako_kodama@example.jp","03-1320-6387","070-9260-1905","188-5670","東京都八王子市明神町2-3-6","有限会社陽光","4008511562874958","05/25","444226305098"
"松山 純也","まつやま じゅんや",24,"1999年08月18日","男","AB","matsuyamajunya@example.com","048-745-6108","080-1795-3770","346-3773","埼玉県草加市松原2-3-7","有限会社長谷川商店","4321499898167802","04/26","671443650360"
"西野 亮介","にしの りょうすけ",40,"1983年04月19日","その他・不明","AB","nishinoryousuke@example.net","0965-86-2290","070-5781-5258","866-8808","熊本県熊本市西区島崎2-4-13","合名会社宮田百貨店","379182274165140","05/26","817740156000"
"澤田 孝夫","さわだ たかお",57,"1966年09月22日","男","O","sawada_922@example.co.jp","0158-92-8180","080-9649-0030","071-4492","北海道札幌市東区北丘珠二条2-1-11","有限会社アーネスト","5130028205712501","03/25","929639750646"
"森 美乃里","もり みのり",74,"1949年08月27日","女","O","mori_827@example.jp","092-303-2123","070-5835-7890","838-4738","福岡県福岡市博多区那珂3-4-1105","","379330621059561","03/25","920793872390"
"関本 祥平","せきもと しょうへい",57,"1966年04月13日","男","O","sekimoto413@example.org","044-343-2143","050-7953-0383","232-1524","神奈川県藤沢市鵠沼神明3-3-3","合同会社アウラ","4329765517211847","06/27","276353544280"
"城井 麻衣子","しろい まいこ",28,"1995年05月09日","女","A","shiroi_maiko@example.org","022-349-2857","050-0254-4987","988-5308","宮城県仙台市泉区虹の丘1-4-15","","4175155312188165","07/27","110958953852"
"下川 賢","しもかわ けん",58,"1965年07月28日","男","O","kenshimokawa@example.ne.jp","0550-62-7228","070-8309-3526","425-2346","静岡県静岡市駿河区国吉田3-4-1008","株式会社小林工業","4111122781475280","08/28","138600878036"
"伊藤 善行","いとう よしゆき",26,"1997年09月19日","男","A","itoyoshiyuki@example.co.jp","0495-10-8360","080-9660-0007","353-2836","埼玉県北葛飾郡松伏町ゆめみ野2-2-6","合名会社貴舟","4535968342579137","05/25","230271596982"
"鈴木 貴義","すずき たかよし",42,"1981年03月19日","男","A","suzukitakayoshi@example.com","03-8971-1619","090-1349-9055","148-1109","東京都足立区足立3-2-309","鍛冶春建設有限会社","5553697963605806","03/25","545231542864"
"小池 義人","こいけ よしと",29,"1994年10月27日","男","O","yoshito_koike@example.jp","0495-68-6179","050-5465-4985","348-0016","埼玉県川口市東川口2-3-6","有限会社青木工務店","5591984426677083","10/24","470435864399"
"原田 明久","はらだ あきひさ",76,"1947年06月07日","男","O","harada67@example.org","0761-58-0187","080-2951-2237","921-9706","石川県金沢市西念2-4-22フォレスティア601","","5419878717602976","09/24","507331505550"
"笠松 裕子","かさまつ ゆうこ",42,"1981年02月07日","女","O","yuukokasamatsu@example.com","03-9362-2713","070-2126-4035","157-5806","東京都品川区大崎1-3-8","株式会社なごみ","5403365874415101","06/28","353173129165"
"松本 桃子","まつもと ももこ",64,"1959年09月17日","女","O","momokomatsumoto@example.jp","03-2549-8035","080-3026-3910","197-2525","東京都世田谷区祖師谷3-3-5","","5399886764293684","02/24","263137420776"
"池田 貢","いけだ みつぐ",29,"1994年06月19日","男","A","ikeda_mitsugu@example.net","03-7083-1692","070-6685-7672","145-4244","東京都豊島区東池袋1-5-16","有限会社和","4606728409170392","10/24","719431965938"
"金森 英和","かなもり ひでかず",27,"1996年09月03日","男","O","kanamorihidekazu@example.net","0164-81-0188","080-4441-9615","095-0357","北海道河東郡音更町木野東通3-1-908","株式会社大光","374813684237567","02/28","950119063130"
"亀井 雅樹","かめい まさき",35,"1988年05月07日","男","A","masakikamei@example.jp","048-007-3249","070-3136-3702","352-3865","埼玉県新座市栗原4-1-5","有限会社青木工務店","3556322165711003","08/27","823934026183"
"松本 徹","まつもと とおる",38,"1985年08月25日","男","B","tooru_matsumoto@example.co.jp","048-214-5267","050-4378-6533","331-5976","埼玉県所沢市上新井3-5-20","","5559166472736860","06/24","073981160425"
"杉山 雄介","すぎやま ゆうすけ",69,"1954年04月21日","男","O","yuusukesugiyama@example.ne.jp","0869-52-2965","080-8737-9751","718-1582","岡山県岡山市中区桜橋1-5-205ランフォルセ608","","378228871693892","06/27","690113556109"
"松田 あゆみ","まつだ あゆみ",26,"1997年04月08日","女","A","ayumimatsuda@example.org","0586-94-0263","070-7152-8189","477-6479","愛知県名古屋市中区栄2-4-5","合同会社ミトアス","4074640414315883","03/28","541066698042"
"中島 篤","なかじま あつし",51,"1972年02月25日","男","O","atsushinakajima@example.org","06-2692-5863","050-7599-2633","586-1153","大阪府大阪市東成区中道3-5-10","株式会社イレブン","4309073903008867","05/27","404825536543"
"田村 佳奈","たむら かな",70,"1954年01月17日","女","O","tamura117@example.com","03-1421-4952","080-7629-3300","207-2352","東京都港区虎ノ門3-3-602","","4504915597370974","07/27","737396254266"
"前田 和明","まえだ かずあき",30,"1993年09月18日","男","A","kazuaki_maeda@example.org","03-0137-7432","050-6793-8583","201-0168","東京都世田谷区赤堤1-2-5","有限会社清水","378336458210319","01/25","870829379346"
"榎 裕子","えのき ゆうこ",36,"1988年01月19日","女","B","enoki119@example.co.jp","0255-11-7127","070-0839-5783","943-1928","新潟県長岡市四郎丸2-1-6","有限会社キング","3582293944713073","12/28","764523638297"
"山口 慎","やまぐち まこと",40,"1983年12月06日","男","O","yamaguchi126@example.org","0974-96-8135","070-6318-9920","876-2786","大分県大分市羽屋3-2-7","合名会社山泰商店","4427601582722429","09/26","300043319870"
"光永 敬史","みつなが けいし",53,"1970年08月26日","男","O","mitsunaga826@example.ne.jp","0532-44-3923","050-2461-9672","488-4777","愛知県名古屋市北区西味鋺3-1-1004","有限会社共立","4524309083880686","05/27","347677611090"
"阿部 優香","あべ ゆか",70,"1953年09月28日","女","A","yukaabe@example.co.jp","01654-2-4701","070-8443-3802","077-7649","北海道札幌市南区川沿七条1-5-12","","3566434636657190","12/28","405777010050"
"馬場 尚弘","ばば なおひろ",70,"1953年04月02日","男","O","baba_42@example.com","0467-96-2309","050-6522-0563","216-2296","神奈川県横浜市金沢区能見台1-1-7トーカンキャステール606","","3548553157347379","10/26","422611455781"
"田村 まりこ","たむら まりこ",30,"1993年11月04日","女","B","marikotamura@example.com","06-3624-5741","090-3246-7696","540-7381","大阪府大阪市北区天神橋1-1-7","株式会社マックス","3560497933924866","12/27","816267876746"
"小澤 明里","おざわ あかり",74,"1949年09月14日","女","O","ozawaakari@example.org","093-442-9146","080-8638-1578","804-2050","福岡県福岡市博多区麦野2-1-601","","5441831562696629","04/25","877142279915"
"宇賀神 健","うがじん けん",75,"1948年06月29日","男","O","ken_ugajin@example.com","03-9573-5496","050-3675-5251","100-3770","東京都文京区小日向1-5-604","","4195392844043719","12/24","737321287754"
"石井 敦生","いしい あつお",30,"1993年07月17日","男","O","ishii717@example.com","03-6192-8696","090-4632-1690","118-6131","東京都墨田区太平2-5-5","合資会社深谷瓦店","377219838314830","04/24","368335702597"
"奥田 秀樹","おくだ ひでき",78,"1945年08月18日","男","AB","hideki_okuda@example.com","03-4644-9238","050-3974-8096","177-0201","東京都港区虎ノ門1-1-11","","3544059689801804","11/27","526580076990"
"小西 杏里","こにし あんり",72,"1951年03月20日","女","O","anri_konishi@example.co.jp","06-7123-6883","090-7585-6338","552-2923","大阪府大阪市淀川区宮原2-3-6","","374522657768017","11/28","837989196445"
"森 真衣","もり まい",34,"1989年03月02日","女","B","mori_32@example.co.jp","03-9185-2465","070-5144-0850","166-3045","東京都港区新橋1-3-804","合資会社下館中央青果食品市場","370226890235651","11/26","910425818674"
"池田 嘉子","いけだ よしこ",62,"1961年04月25日","女","A","ikeda_425@example.org","043-042-2706","050-0126-2465","285-3298","千葉県千葉市若葉区西都賀3-3-10アステルコート210","","4698194480357193","11/27","581432842404"
"齋藤 雄二","さいとう ゆうじ",63,"1960年05月24日","男","B","saito524@example.jp","0948-34-3267","090-2713-3540","836-9473","福岡県福津市津屋崎1-2-6","","373968083974318","12/26","581178339748"
"長野 えり","ながの えり",31,"1992年02月08日","女","A","eri_nagano@example.co.jp","0226-03-8591","080-3279-7583","988-1965","宮城県岩沼市中央2-1-10","株式会社マスダ","4617608398334877","05/28","858792611197"
"鈴木 匡宏","すずき まさひろ",48,"1975年08月05日","男","O","masahirosuzuki@example.org","046-030-8667","050-1043-3623","222-9232","神奈川県相模原市南区麻溝台1-1-9","株式会社H＆K","379022144308209","12/24","494541824173"
"星野 公一郎","ほしの こういちろう",20,"2003年02月28日","その他・不明","B","hoshino_228@example.org","03-1952-8909","080-5560-6442","128-9764","東京都練馬区南大泉1-3-6","蓮の花コレクション有限会社","4062331557666837","07/24","331997734315"
"中村 悠太","なかむら ゆうた",24,"1999年03月04日","その他・不明","A","yuutanakamura@example.jp","05769-0-1736","070-2039-6010","509-3086","岐阜県岐阜市河渡3-3-6","株式会社クラウド","5598737725856508","11/26","394620752132"
"大塚 嘉彦","おおつか よしひこ",52,"1971年03月17日","男","O","yoshihiko_otsuka@example.jp","0797-91-2877","050-2166-4764","670-8246","兵庫県西宮市西宮浜2-1-5","有限会社ヤマイチ","5334537051097829","02/24","365277607229"
"森田 友子","もりた ともこ",57,"1966年12月07日","女","O","morita127@example.org","0826-13-8394","070-0197-4583","725-7615","広島県安芸郡熊野町中溝2-1-10","有限会社ベストライフ","374063116854403","05/27","847716020528"
"田中 英幸","たなか ひでゆき",79,"1944年07月11日","男","O","tanaka_hideyuki@example.jp","03-5318-6601","090-3770-5364","128-7853","東京都杉並区高円寺南1-5-905プレジデント411","","4917341330404809","05/26","333791476711"
"中野 浩一郎","なかの こういちろう",36,"1987年06月26日","男","AB","nakano626@example.co.jp","03-2115-8045","050-6665-6067","204-6888","東京都千代田区麹町2-2-19","ヤシマエンジニアリング合同会社","370083187344377","07/28","726810425386"
"杉村 雅代","すぎむら まさよ",55,"1969年01月13日","女","O","sugimuramasayo@example.org","0280-66-0412","090-2090-6992","311-5163","茨城県つくばみらい市陽光台4-3-10","有限会社サンクリエイト","5392983165700115","01/25","780265327724"
"石田 嘉一","いしだ かいち",39,"1984年05月24日","男","A","kaichiishida@example.net","03-3130-4041","050-0894-9449","183-3456","東京都渋谷区本町1-4-5","株式会社エビス","5250667316423344","08/26","318986018107"
"藤田 幸恵","ふじた ゆきえ",21,"2002年12月05日","女","O","fujitayukie@example.jp","03-3594-8426","090-1553-7123","170-8408","東京都中央区八丁堀3-5-803","","370493216769108","05/28","745774716527"
"郭 康雅","かく やすまさ",37,"1986年02月22日","男","AB","kaku_222@example.jp","03-9199-6534","070-3587-0615","114-5345","東京都足立区島根2-4-13","株式会社ステップアップ","3544371994259812","10/26","228676205285"
"津山 雅之","つやま まさゆき",77,"1946年01月26日","男","O","masayukitsuyama@example.org","0465-92-4213","080-1986-5730","236-5894","神奈川県横浜市中区相生町1-4-16","","5184735930566672","11/27","414495290785"
"吉田 淳一","よしだ じゅんいち",75,"1948年06月11日","男","AB","yoshidajunichi@example.net","0761-22-8267","050-2634-3137","924-0264","石川県野々市市新庄1-1-6","","3539221948901844","01/25","043508333570"
"飯島 和彦","いいじま かずひこ",58,"1965年12月31日","その他・不明","O","iijima_1231@example.net","06-3498-0679","080-6758-0222","537-2848","大阪府大阪市西区南堀江2-4-21","合名会社平田屋","4883082384904282","09/27","285006850361"
"山本 寿一","やまもと としかず",20,"2003年12月12日","男","A","yamamoto_toshikazu@example.co.jp","03-1376-5609","090-6327-6522","107-4069","東京都葛飾区新宿1-2-16ザ・ステイツ509","合名会社高畑酒店","3586956171101370","08/27","296784336880"
"清水 利行","しみず としゆき",22,"2001年03月12日","その他・不明","B","toshiyukishimizu@example.org","03-8226-1945","090-6021-9370","138-3032","東京都足立区花畑2-1-10","有限会社藤商","3561263269436712","01/29","288267962298"
"糸賀 晃太","いとが こうた",73,"1951年01月08日","男","A","itogakota@example.ne.jp","03-1915-8002","080-5883-8952","158-2346","東京都港区南青山1-4-13","","374837025252324","10/27","693046176931"
"清水 ゆかり","しみず ゆかり",59,"1964年10月11日","女","A","shimizu1011@example.co.jp","046-447-2444","070-0404-0301","242-6040","神奈川県横浜市旭区若葉台4-3-6","ワイズ株式会社","375468871304628","01/25","507674749233"
"石本 佑次","いしもと ゆうじ",63,"1960年04月13日","男","O","ishimoto_413@example.ne.jp","03-3161-3546","080-7309-8120","183-9563","東京都港区赤坂2-2-3","","3589413899120933","07/25","319270801710"
"村山 こずえ","むらやま こずえ",79,"1944年12月04日","女","O","kozuemurayama@example.net","0467-26-0900","050-4120-5766","237-9456","神奈川県川崎市多摩区菅2-5-11","","4779899064016419","10/24","549160835879"
"安藤 真希","あんどう まき",66,"1957年02月21日","女","B","andou_221@example.jp","0533-64-5087","090-0658-4618","463-5264","愛知県名古屋市瑞穂区駒場町1-3-1109","","4709010445931947","10/27","310876455632"
"山田 さえ","やまだ さえ",56,"1967年11月09日","女","B","sae_yamada@example.jp","0460-63-9247","080-7880-7582","247-4489","神奈川県横浜市西区花咲町2-5-405ライオンズ・グランフォート809","株式会社スリーエス","4899566475932659","11/28","397909159730"
"原田 広昭","はらだ ひろあき",72,"1951年08月16日","男","A","harada816@example.com","0475-59-9212","080-1132-1039","275-6880","千葉県千葉市緑区あすみが丘4-1-4","","4151420659230782","09/26","144050303545"
"永井 雄平","ながい ゆうへい",27,"1996年07月28日","男","B","nagaiyuuhei@example.co.jp","0460-36-5986","050-0161-9504","235-7179","神奈川県海老名市上今泉1-5-307ネオコーポ407","有限会社山田建設","376621015634354","11/24","851406662110"
"芳賀 素子","はが もとこ",73,"1950年04月29日","女","A","haga_motoko@example.co.jp","03-9939-0448","070-7986-8287","158-7916","東京都日野市東豊田3-2-3","","4897210755865600","02/24","980479016709"
"谷口 直樹","たにぐち なおき",75,"1948年06月13日","男","B","taniguchi_naoki@example.ne.jp","03-3488-2388","070-2639-0816","117-7404","東京都文京区本郷3-2-5グランコート113","","4095970451599130","08/24","625486604387"
"大角 麻衣子","おおすみ まいこ",45,"1978年04月10日","その他・不明","A","maikoosumi@example.com","0564-63-2287","070-2986-2524","496-8183","愛知県豊田市幸穂台1-1-6ネオグランデ308","","373491352175863","09/25","199946586324"
"山崎 美絵子","やまざき みえこ",51,"1972年04月10日","女","A","miekoyamazaki@example.com","0946-34-5904","070-1686-2125","835-5747","福岡県福岡市博多区博多駅前2-3-10","たかし不動産有限会社","4221429133030300","09/25","661183987433"
"木村 雅樹","きむら まさき",48,"1975年10月09日","その他・不明","O","kimuramasaki@example.co.jp","092-965-8319","070-9880-8388","839-4986","福岡県北九州市小倉南区城野3-1-15","筑波合資会社","5513649757201952","05/24","369016451871"
"小林 樹","こばやし みき",77,"1946年01月30日","女","A","kobayashi_miki@example.ne.jp","0439-60-9962","050-1854-8583","287-7158","千葉県浦安市猫実1-2-15","","5379217642597886","10/28","514568605946"
"西村 順子","にしむら じゅんこ",20,"2003年05月31日","女","O","junkonishimura@example.jp","06-5368-9793","080-1023-7081","534-1711","大阪府大阪市西淀川区御幣島1-5-11","株式会社サンワ","378541019103487","11/25","792344165460"
"和田 敏弘","わだ としひろ",73,"1950年12月17日","男","A","wada_toshihiro@example.org","0798-28-2031","070-1114-9989","658-6511","兵庫県神戸市中央区雲井通2-4-706","","379001180926934","06/25","285690683169"
"森田 紘一","もりた こういち",22,"2001年11月25日","男","AB","morita_koichi@example.com","0463-03-1362","080-1260-4722","216-8698","神奈川県相模原市南区東大沼3-3-22","有限会社エイブル","3557610560265685","10/25","677584580518"
"白崎 桜子","しらさき さくらこ",67,"1956年03月28日","女","O","shirasaki_sakurako@example.co.jp","03-4301-8657","050-2274-1185","195-6901","東京都葛飾区東金町1-5-17","","3552644470628950","08/25","207361549280"
"原田 静江","はらだ しずえ",61,"1962年07月03日","女","AB","harada_shizue@example.org","03-6063-9917","080-2428-7315","188-7294","東京都品川区中延2-1-7","","3529638340284119","02/26","060306143509"
"山口 仁志","やまぐち ひとし",25,"1998年07月24日","男","A","yamaguchi_hitoshi@example.co.jp","0799-57-6345","080-5004-6152","656-2531","兵庫県尼崎市南武庫之荘2-3-10","合資会社羽澄経営開発研究所","376392308965133","10/27","262240689159"
"石森 健司","いしもり けんじ",61,"1962年10月09日","男","A","ishimori109@example.com","0947-44-5227","090-4790-4105","837-6721","福岡県北九州市小倉北区井堀2-5-17","","4287500358865876","06/24","247855212396"
"小澤 紋","おざわ あや",64,"1959年07月09日","女","A","ozawa_aya@example.jp","03-9051-8295","070-9276-8977","130-8852","東京都中野区南台3-5-7ドリームマンション816","","378231059412994","09/26","188234867260"
"藤田 洋子","ふじた ようこ",50,"1973年05月22日","女","A","youkofujita@example.jp","03-8586-4815","070-5915-0177","206-8445","東京都港区赤坂3-3-604","有限会社吉田製作所","3585814840486428","09/27","171625628929"
"大西 勉","おおにし つとむ",51,"1972年02月06日","男","B","tsutomuonishi@example.com","01658-7-0643","090-4487-5308","048-5553","北海道札幌市北区北十五条西3-5-21ソルディオ505","有限会社松本商店","5571039644918712","01/27","082988443286"
"杉野 理絵","すぎの りえ",26,"1998年01月23日","女","AB","sugino123@example.ne.jp","048-352-3828","070-9710-7495","365-5558","埼玉県和光市下新倉3-3-11","有限会社ハヤシ","5257336705652060","08/27","639166123071"
"佐々木 美香","ささき みか",62,"1961年05月16日","女","A","mika_sasaki@example.com","045-593-8709","070-6060-8247","221-4492","神奈川県横浜市西区みなとみらい2-1-1202ファミリーコーポ505","","4029125776723425","02/27","404426549569"
"手塚 光","てづか ひかる",67,"1956年07月18日","男","O","tezuka_hikaru@example.com","0763-99-1854","050-8171-2666","937-2351","富山県富山市二口町1-5-3","","3552181599732611","08/28","970036560435"
"押切 実里","おしきり みさと",79,"1944年05月12日","女","A","oshikiri512@example.org","0465-52-3483","080-8347-3957","216-9582","神奈川県相模原市南区大野台3-1-10","","3556087239570186","04/24","429162153788"
"大久保 蘭","おおくぼ らん",57,"1966年05月11日","女","O","ran_okubo@example.ne.jp","03-8752-7156","080-6181-5658","128-8314","東京都渋谷区神宮前1-2-4","株式会社アクセス","373625914742401","07/24","472833890335"
"奥野 祐規","おくの ゆうき",79,"1944年11月06日","男","A","okuno_116@example.com","0574-81-2285","050-5915-2486","508-9414","岐阜県各務原市各務山の前町2-2-608","","377289878168107","05/24","243789319693"
"田中 優希","たなか ゆき",71,"1952年06月10日","女","A","tanaka610@example.co.jp","03-0577-6325","090-5928-7269","175-4507","東京都中央区勝どき3-4-5","","3542221790215454","02/26","241374968774"
"齋藤 悦子","さいとう えつこ",55,"1968年09月10日","女","A","saito910@example.jp","03-3068-1076","080-4114-7820","184-4541","東京都目黒区下目黒1-1-9グランクレスト614","株式会社和幸","372710811838477","06/24","160743597980"
"片岡 潤司","かたおか じゅんじ",33,"1990年08月03日","男","B","junjikataoka@example.net","0533-12-1812","080-4226-4276","444-2573","愛知県碧南市立山町4-3-4シティハウス107","有限会社エール","3587764594478600","11/28","830432584057"
"藤井 卓也","ふじい たくや",49,"1974年07月09日","男","AB","takuya_fujii@example.ne.jp","0266-88-5841","080-6880-9725","381-3245","長野県岡谷市湊3-2-9","合同会社さくら","370203807338456","12/27","332127826636"
"大城 理恵子","おおしろ りえこ",52,"1971年06月17日","女","O","riekooshiro@example.net","03-3863-3982","070-7334-7824","118-6657","東京都江戸川区南篠崎町1-5-1208","株式会社T＆K","3573157664205076","04/26","658730616487"
"土屋 賢人","つちや けんと",64,"1959年08月20日","男","A","tsuchiya_820@example.com","03-3193-8388","070-7925-9852","167-8669","東京都港区新橋1-1-4","","5459186170316170","01/29","422761706154"
"坂本 里恵","さかもと りえ",76,"1947年02月13日","女","O","riesakamoto@example.org","06-0733-0010","090-1254-8710","587-8133","大阪府大阪市港区港晴1-1-22","","3557246462677089","08/26","337286783222"
"橋本 脩","はしもと おさむ",64,"1959年07月09日","その他・不明","A","osamu_hashimoto@example.net","0790-22-5382","070-3475-6086","650-0856","兵庫県川西市大和西3-3-602","","3549053959031049","05/26","371969467370"
"山本 圭吾","やまもと けいご",47,"1976年09月16日","男","O","keigoyamamoto@example.co.jp","03-3187-8388","090-3961-4018","111-8094","東京都新宿区四谷1-1-21","株式会社ウィッシュ","4801393903405241","07/26","368887531010"
"杉本 大輔","すぎもと だいすけ",30,"1993年11月20日","男","A","sugimoto_1120@example.org","03-1872-6912","080-0821-5781","144-3340","東京都足立区綾瀬2-1-9ベルアーバニティ103","有限会社ノムラ","3585107071915490","04/26","721730528760"
"田中 純子","たなか じゅんこ",75,"1948年04月23日","女","O","junko_tanaka@example.net","06-9398-5026","070-1242-3778","558-4212","大阪府松原市上田3-3-20グランドヒルズ507","","3549741420499593","02/27","109648843420"
"清水 智之","しみず ともゆき",20,"2004年01月18日","その他・不明","AB","shimizu118@example.com","0980-33-9183","090-8987-5750","909-5000","沖縄県名護市大西2-3-109","イージーズ有限会社","5378487155017207","12/24","395741337856"
"佐久間 美代子","さくま みよこ",26,"1997年02月26日","女","A","sakuma226@example.com","03-1701-2798","090-5823-7787","133-4930","東京都中野区中央3-3-4","永和吉企業有限会社","3581803328564396","04/26","104319470441"
"梅村 一之","うめむら かずゆき",51,"1972年04月06日","男","O","umemura46@example.ne.jp","0261-06-4208","090-2900-2526","392-4279","長野県長野市若里2-1-10","株式会社スリーエス","374475497554628","02/28","516592375083"
"丸山 亜希子","まるやま あきこ",72,"1951年12月23日","女","B","maruyama1223@example.org","06-3332-4919","070-5168-9480","598-4521","大阪府大阪市中央区南船場2-1-406","","3573525652328276","05/24","665276095988"
"永井 剛","ながい つよし",80,"1943年11月03日","男","A","nagaitsuyoshi@example.net","0557-44-0045","070-9910-2022","426-8755","静岡県伊東市広野1-3-12ベルシャトウ116","","5255722435504196","04/24","711934664330"
"志村 哲也","しむら てつや",37,"1986年05月15日","男","AB","tetsuya_shimura@example.net","06-1457-6658","090-6976-6385","556-7890","大阪府大阪市生野区巽南2-3-13","株式会社双葉","4834565775924869","06/28","990068917255"
"村尾 哲矢","むらお てつや",67,"1956年09月10日","その他・不明","B","tetsuyamurao@example.net","03-3737-6116","090-6560-5974","178-6557","東京都台東区寿1-3-9","","5191014693004938","02/24","169197974170"
"竹田 良明","たけだ よしあき",25,"1998年06月26日","男","B","yoshiaki_takeda@example.jp","0460-42-2003","070-8998-5687","211-1240","神奈川県横須賀市津久井3-1-7コンセール201","","376210005670261","09/26","931219440468"
"岩崎 あい","いわさき あい",51,"1972年11月24日","女","A","iwasaki_1124@example.jp","0463-49-3084","090-3018-1561","234-6922","神奈川県藤沢市村岡東2-1-5","株式会社飛翔","378501747636661","10/24","320291820349"
"尾崎 拓也","おざき たくや",76,"1947年04月26日","男","A","ozaki_takuya@example.com","017-343-6491","080-9192-8593","030-8737","青森県弘前市大字大清水1-5-12","","372401645529355","11/26","774956117823"
"井川 智之","いかわ ともゆき",33,"1990年04月21日","男","O","ikawatomoyuki@example.jp","06-0178-0526","090-4309-6660","594-8150","大阪府摂津市鳥飼上1-1-6","有限会社ホクト","5452665334118132","10/24","538534502400"
"渡辺 美月","わたなべ みづき",50,"1973年11月27日","女","A","watanabe1127@example.com","0946-57-2184","050-5943-3086","834-1855","福岡県福岡市東区多の津2-1-3","有限会社中村工務店","4837141087286442","01/25","091157153582"
"藪 弘美","やぶ ひろみ",31,"1992年09月20日","女","B","yabu920@example.ne.jp","03-9872-5586","080-8882-9419","174-0851","東京都港区虎ノ門2-3-906プレサンスグラン216","株式会社SKC","4025549597767630","08/27","928241451634"
"鈴木 大典","すずき ひろのり",22,"2001年08月02日","男","O","hironori_suzuki@example.net","03-3886-8994","090-8748-3418","183-3531","東京都江戸川区西瑞江2-1-15","株式会社東商","4279663308147017","12/24","116624429514"
"山口 歩","やまぐち あゆみ",74,"1949年08月05日","男","B","yamaguchi_ayumi@example.jp","0531-93-7671","090-5056-6317","461-9417","愛知県名古屋市中区千代田4-3-4グランフェルティ714","","4740762520215049","03/27","010484076060"
"伊集院 さおり","いじゅういん さおり",67,"1956年06月11日","女","O","ijuuinsaori@example.com","0880-77-5163","080-8393-8806","786-7556","高知県高知市葛島1-3-4ライオンズ608","","5269412826327498","11/28","000444218703"
"室田 昌克","むろた まさかつ",77,"1946年05月01日","その他・不明","AB","murota_masakatsu@example.jp","03-1503-4506","050-1773-7824","107-8923","東京都渋谷区恵比寿3-3-4","","4150676669751320","04/26","525335265500"
"染谷 祥子","そめや しょうこ",30,"1993年05月04日","女","B","someyashouko@example.co.jp","0573-04-0193","080-3425-6466","501-3400","岐阜県岐阜市西川手3-1-3","有限会社タチバナ","4842269544841658","01/29","109394029701"
"板垣 恵太","いたがき けいた",62,"1962年01月01日","男","A","keita_itagaki@example.co.jp","03-9627-0732","080-5752-3155","203-8895","東京都中野区中央1-2-17","","3534984273321244","11/24","977546140516"
"池田 秀樹","いけだ ひでき",35,"1988年03月28日","男","A","hidekiikeda@example.org","03-0676-8541","080-7414-3177","114-3158","東京都渋谷区本町2-1-18","合資会社立堀工務所","3552559187741955","10/27","165046756931"
"渡部 ゆり","わたなべ ゆり",54,"1969年11月08日","女","O","watanabe_118@example.jp","03-3807-1124","050-2595-9158","132-5773","東京都港区南麻布3-4-14","有限会社大和商事","378029640382282","10/28","700946030467"
"諏佐 江里子","すさ えりこ",44,"1979年05月15日","女","A","susa_eriko@example.org","0475-89-7896","070-0589-7799","283-0848","千葉県千葉市中央区中央2-1-7","","5463014874761463","06/28","391161445338"
"勝田 諭","かつた さとし",32,"1991年03月12日","男","B","katsuta312@example.jp","03-3662-7523","070-3630-4687","135-2520","東京都三鷹市中原1-3-8","有限会社コバヤシ","5367108979360952","07/28","585946370477"
"山田 奈未","やまだ なみ",29,"1994年07月10日","女","A","yamada_nami@example.jp","078-725-5503","050-4050-0872","665-5178","兵庫県神戸市東灘区北青木4-3-9","株式会社アクティス","4645958328057775","12/24","396659384397"
"鷲田 淳","わしだ じゅん",68,"1955年04月09日","男","A","junwashida@example.co.jp","0184-00-0623","050-0386-4047","015-8036","秋田県湯沢市愛宕町3-1-7","","3535798164996206","11/27","339756524779"
"片岡 祐樹","かたおか ゆうき",39,"1984年04月10日","その他・不明","O","kataoka_410@example.ne.jp","0846-41-0620","090-0339-1113","736-3789","広島県広島市安佐南区安東1-4-602","株式会社リライアンス","4037699073121004","12/24","698607594535"
"小川 たつや","おがわ たつや",35,"1988年05月07日","男","AB","tatsuya_ogawa@example.jp","0959-54-9753","050-2192-7293","859-1239","長崎県佐世保市瀬戸越4-1-9グランフェルティ312","株式会社オーク","3563537072703907","03/24","936916897214"
"大久保 祐子","おおくぼ ゆうこ",74,"1949年03月13日","女","B","okubo313@example.ne.jp","06-7120-7381","050-4740-8425","550-6312","大阪府大阪市中央区谷町4-3-9","","5197216227970450","08/27","358085141580"
"新免 健輔","しんめん けんすけ",69,"1954年12月10日","男","A","shimmen_1210@example.co.jp","0544-88-5888","050-1904-1575","410-2617","静岡県藤枝市五十海1-3-107","","372511133996369","01/28","180228539390"
"久保 優","くぼ ゆう",69,"1954年12月22日","男","O","yuukubo@example.jp","0567-15-3240","070-3678-1696","493-8625","愛知県名古屋市中区栄3-4-14アーバンライフ805","","375207542989668","05/28","610391450660"
"井上 明寛","いのうえ あきひろ",75,"1948年07月18日","男","B","inoue718@example.org","0438-62-3835","050-6935-5973","260-8367","千葉県船橋市本町1-5-3ハイマート802","","4140065202432726","03/24","188543698449"
